,Country,1950,1951,1952,1953,1954,1955,1956,1957,1958,1959,1960,1961,1962,1963,1964,1965,1966,1967,1968,1969,1970,1971,1972,1973,1974,1975,1976,1977,1978,1979,1980,1981,1982,1983,1984,1985,1986,1987,1988,1989,1990,1991,1992,1993,1994,1995,1996,1997,1998,1999,2000,2001,2002,2003,2004,2005,2006,2007,2008,2009,2010,2011,2012,2013,2014,2015,2016,2017,2018,2019,2020,2021
0,Afghanistan,,,,,,,,,,,,,,,,,,,,,,,,,,,,,,,,,,,,,,,,,,,,,,,,,,,,,,,,,0.01175832846,0.06855054623,0.02191003597,0.09539459374999999,0.09955620011,0.0357410218,0.029435040830000002,0.03251558851,0.02940146805,0.03124990498,0.02724768196,0.02684245578,0.02465668048,0.0225588343,0.0202434419,
1,Albania,,,,,,,,,,,,,,,,,,,,,,,,,,,,,,,,,,,,,,,,,,,,,,,,,,,,,,0.07544839098,0.08848490648,0.1266872008,0.1641242811,0.20980596680000002,0.2636284995,0.2840407583,0.3002878328,0.3568116131,0.36551522230000005,0.3599516518,0.36312872570000004,0.33263569390000003,0.3190646747,0.2944504426,0.25517285,0.2578810053,0.2863295767,0.2620366183
2,Argentina,,,,,,,,,,,,,,,,,,,,,,,,,,,,,,,,,,,,,,,,,,,,,0.2027264842,0.20895313980000002,0.2145003029,0.2382835559,0.2504155879,0.2376898286,0.21894198639999998,0.3228999306,0.5773750141,0.3921088491,0.32453039089999997,0.2611385569,0.23102646920000003,0.2045568962,0.1831296134,0.17837207830000001,0.1623616287,0.1570836781,0.1614508667,0.1656666798,0.1392865177,0.150928714,0.1479686685,0.1797937659,0.2241343822,0.2265469933,0.24160590429999998,0.1836347013
3,Australia,,,,,,,,,,,,,,,,,,,,,,,,,,,,0.3499346045,0.358174282,0.3667315703,0.38499886930000005,0.40636963309999996,0.4451039894,0.4738959983,0.47505569459999997,0.5163937132,0.6230414181,0.6913547192999999,0.7479356902000001,0.7424619982,0.7545767929,0.7346435162,0.7097481491000001,0.6453796752,0.6099318992,0.5984185701,0.5917778905,0.611884559,0.6263535551,0.6330378975,0.6868517328999999,0.6576774209,0.6468679715000001,0.6329525914,0.6362541996000001,0.6984203623999999,0.7418333882,0.7949113979000001,0.8245977948,0.7571791442999999,0.6840292014,0.6624237592,0.6752060251,0.708154791,0.7324376823000001,0.7832019687,0.7697571565,0.7277616876,0.7316998857999999,0.7222343696,0.7150212903000001,0.6540224965
4,Austria,,,,,,,,,,,,,,,,,,,,,,,,,,,,,,,,,,,,,,,,,,,,,,0.6516667875000001,0.6627778557,0.708617567,0.7195999319999999,0.7634022170999999,0.8255464256,0.8382450969,0.8272333421,0.8429478678,0.8125742991,0.8204506543,0.8386801203,0.8882166927999999,0.9048348339000001,0.9176060194,0.9305852111999999,0.9222303264,0.916808906,0.9552184525,0.917066116,0.9154664677,0.917966041,0.9203063229999999,0.9291639673000001,0.9303768252000001,0.9995766114,1.009618366
5,Bangladesh,,,,,,,,,,,,,,,,,,,,,,,,,,,,,,,,,,,,,,,,,,,,,,,,,,,,0.00058883095,0.00128718418,0.00121124275,0.1648840724,0.1727413605,0.1867647517,,,,,,,0.269451021,0.2848382324,0.2941240711,0.3032191308,0.32279380609999997,0.3222141429,0.3142883203,0.3161232529,0.3144420088
6,Belgium,,,,,,,,,,,,,,,,,,,,,,,,,,,,,,,0.5519562333,0.5876812942,0.5791959123,0.5691623446,0.5441551442,0.5184207136,0.5007678017,0.5033964246,0.5285848183,0.5705984826,0.5720623153,0.5966166844,0.6726714703000001,0.7116606477,0.721684629,0.6856462808,0.7104784216,0.7729862874,0.8199583878,0.9417926093,1.054135332,1.130580513,1.098333059,1.1612049740000001,1.180038407,1.135635424,1.135543178,1.229940719,1.42222993,1.5210882230000002,1.375307044,1.454251426,1.5002447079999999,1.489602423,1.488421951,1.505617924,1.7049187950000002,1.5733423210000002,1.511579231,1.5111889429999998,1.547745724,1.503564761
7,Brazil,,,,,,,,,,,,,,,,,,,,,,,,,,,,,,,,,,,,,,,,,,,,,0.6367357219,0.38837833860000004,0.3311912191,0.35163414340000004,0.3669373303,0.3646612014,0.3335979778,0.3819689973,0.4221816672,0.3826308201,0.3343716001,0.32987573849999996,0.3516889747,0.306826215,0.3645005809,0.36921680180000005,0.3682270558,0.3906228935,0.4215098112,0.44990855500000004,0.4748911221,0.5386763303,0.4659175593,0.44513588149999994,0.4601687116,0.47035733970000004,0.5526818134,0.5435959947
8,Bulgaria,,,,,,,,,,,,,,,,,,,,,,,,,,,,,,,,,,,,,,,,,,,,,,0.3567372336,0.5184855649,0.09988253163,0.1057632646,0.172639502,0.2511477382,0.28027842150000004,0.330661165,0.4080827643,0.5314274451,0.6583776504,0.8494782426,1.0923855070000001,1.208345628,1.202078969,1.163730013,1.097450946,1.096919442,1.123918464,1.131411283,0.9503273753000001,0.9028667228,0.8486300957,0.8320726881,0.7847179529999999,0.7748941867000001,0.7254640111
9,Cameroon,,,,,,,,,,,,,,,,,,,,,,,,,,,,,,,,,,,,,,,,,,,,,,,,,,,,0.05844777277,0.06326506535,0.06182184016,0.059228757720000004,0.06543963154,0.06146269285,0.06295541286,0.07161906478999999,0.07308232419,0.07463766686,0.08810390501000001,0.08427136594000001,0.09149954206000001,0.09799276026999999,0.10584077909999999,0.1084813654,0.102702107,0.10365968090000001,0.09480296177,,
10,Canada,,,,,,,,,,,,,,,,,,,,0.525556895,0.5205115354000001,0.5390908963,0.5466665248,0.5543596046,0.5670534852,0.5768450986,0.5817961777,0.6040780156000001,0.6213657242,0.6605553392,0.7003798229,0.7678969915,0.7585198657,0.6894753581999999,0.6673016065,0.6738856101999999,0.6853122686,0.6895841459000001,0.7192683293000001,0.7586404578,0.7918220103,0.8276280222,0.8280083403,0.8418659316999999,0.8221704808,0.8193888803,0.8091480448999999,0.8313743348,0.8699556004,0.8133495779000001,0.8260165938999999,0.8783348463,0.898127996,0.8460119849000001,0.8413295791000001,0.7742415183,0.7825577106999999,0.8110094627,0.8422344408,0.8850829932000001,0.8529027975,0.8540801539,0.8984649198,0.9525713537999999,0.9911559388000001,1.0869792169999999,1.0969126679999999,1.10091837,1.13197267,1.163284723,1.317114109,1.230011363
11,Central African Republic,,,,,,,,,,,,,,,,,,,,,,,,,,,,,,,,,,,,,,,,,,,,,,,,,,,,0.033699567959999996,0.03684891074,0.03828774625,0.04500784804,0.04288589793,0.035894246500000004,0.04269277916,0.05035932504,0.04947154588,0.053248545800000005,0.05089581785,0.058356956870000004,0.07681575141,0.07223559493,0.06849844156,0.0699443842,0.06508388431,0.0838509611,0.07772145225,,
12,Chad,,,,,,,,,,,,,,,,,,,,,,,,,,,,,,,,,,,,,,,,,,,,,,,,,,,,0.01905150411,0.01970845611,0.02323582991,0.01664445123,0.017006800790000002,0.01463104246,0.01612848936,0.016326247380000002,0.0273864947,0.02891369126,0.03379420691,0.0380246351,0.03636312481,0.053720583079999995,0.05701094221,0.06549536057,0.06717023549000001,0.06980829994,0.06105194975,,
13,Chile,,,,,,,,,,,,,,,,,,,,,,,,,,,,,,,,,,,,,,,,,,,,,,,,,,,,,0.9043544264000001,0.7726286198,0.6845944242,0.6410367071,0.6125025499,0.6309735307,0.7891035571,0.7621986398999999,0.7009085096,0.7529205175,0.8027686681,0.8696898056000001,0.9676115981,1.040621952,1.0022376,0.9354703667,0.9734703089,1.0560990909999999,1.103759355,1.019272843
14,"China, People's Republic of",,,,,,,,,,,,,,,,,,,,,,,,,,,,,,,,,,,,,,,,,,,,,,,,,,,,,,,,,0.9795359237,0.8699823749,0.8788104210000001,1.0422071579999999,1.1086232839999999,1.085380778,1.1674796410000001,1.2182443600000001,1.317811413,1.408690733,1.448549076,1.4229243070000002,1.3604938720000002,1.336827594,1.391547252,1.314490197
15,Colombia,,,,,,,,,,,,,,,,,,,,,,,,,,,,,,,,,,,,,,,,,,,,,,,0.309564175,0.3870233496,0.3915801031,0.4024039222,0.3744020495,0.3702499271,0.3828048511,0.3452834298,0.29515256759999997,0.26702388460000004,0.27497364550000003,0.2696348663,0.2716764753,0.2770595145,0.3016987777,0.3020708423,0.2902616312,0.3166618792,0.363632644,0.4110307944,0.3787281652,0.3533454362,0.3431927513,0.3156060706,0.375382518,0.3458693249
16,"Congo, Republic of ",,,,,,,,,,,,,,,,,,,,,,,,,,,,,,,,,,,,,,,,,,,,,,,,,,,,0.01612243183,0.02027137979,0.02620082889,0.02136314052,0.01542237632,0.01592865752,0.01721745948,0.026813966640000002,0.03895442737,0.04676062534,0.04950947585,0.05275489559,0.0664387744,0.08596380467999999,0.1193946737,0.1553259102,0.1317788586,0.1096530141,0.09269582855,,
17,Costa Rica,,,,,,,,,,,,,,,,,,,,,,,,,,,,,,,,,,,,,,,,,,,,,,,,,,,,0.30811178229999997,0.3249442217,0.2936662032,0.2694749328,0.2775096486,0.2962798913,0.3399271228,0.35387058019999995,0.3052506369,0.2782500078,0.3106430691,0.29977599380000003,0.32238861380000006,0.3393420001,0.3389620319,0.35367380130000003,0.3514831449,0.35568046099999995,0.3277237704,0.35770733309999997,0.33899980300000004
18,Croatia,,,,,,,,,,,,,,,,,,,,,,,,,,,,,,,,,,,,,,,,,,,,,,0.30285009479999997,0.33631861350000003,0.38910349850000003,0.3906997857,0.45476264299999997,0.4404957352,0.5465037937,0.5808138962,0.5772406384,0.5946906325,0.6121097967,0.6677690098,0.7352298759,0.8100158381,0.9258985705,1.004405475,0.9962040691,0.9935503731,0.9981414177000001,0.9901957392,0.9785707849,0.9489152117999999,0.9211878448999999,0.9035025687,0.8474247261,0.9366537771,0.8464951942000001
19,Cyprus,,,,,,,,,,,,,,,,,,,,,,,,,,,,,,,,,,,,,,,,,,,,,,2.547751455,2.487931423,2.463192968,2.3986953349999998,2.267584648,2.272251062,1.992782629,2.0319861919999997,1.890651761,1.492108283,1.58890598,1.6087836949999998,1.6967210309999998,1.870065651,1.9284945519999999,1.9615503509999999,2.035075316,2.004804378,2.128936532,2.22120355,2.216549148,2.140333453,2.011716242,1.884345778,1.8198949150000001,1.8404331600000001,1.707517302
20,Czech Republic,,,,,,,,,,,,,,,,,,,,,,,,,,,,,,,,,,,,,,,,,,,,,,0.5954090256,0.6204870289,0.6944162019,0.5969589506999999,0.5813483724,0.5441889059,0.4795298873,0.4707838997,0.4080628961,0.4623934019,0.4364714401,0.455555993,0.4672661174,0.5119309102999999,0.5258299784,0.5492267467,0.5626197129,0.5857010373,0.6045368712,0.5985761774,0.5573010465,0.5684849276,0.5724737088,0.5995494904,0.5455332973,0.5574315951,0.5155460619
21,Denmark,,,,,,,,,,,,,,,,,,,,,,,,,,,,,,,,,,,,,,,,,,,,,0.6956297626,0.6537444415,0.6462908906,0.6602319634,0.6145573265000001,0.6913237875,0.754252546,0.8103127465,0.7590698816,0.8027347815,0.8637279366,0.9745507991,1.078679277,1.150896054,1.1739262940000001,1.226788948,1.16094915,1.252366998,1.2857284580000001,1.20524523,1.237724268,1.260911157,1.256167423,1.206367193,1.232250262,1.3676752680000002,1.3253713550000001,1.273059372
22,El Salvador,,,,,,,,,,,,,,,,,,,,,,,,,,,,,,,,,,,,,,,,,,,,,,,,,,,,0.3132982528,0.3292262368,0.30601117720000004,0.2883030191,0.2904263652,0.2809183351,0.2901790824,0.259076675,0.1964072037,0.19713740470000002,0.1699885659,0.19480981679999998,0.21115037550000001,0.21479717059999998,0.2230004216,0.2430602996,0.2710745727,0.2841024302,0.2779911109,0.3254305961,0.2958910176
23,Estonia,,,,,,,,,,,,,,,,,,,,,,,,,,,,,,,,,,,,,,,,,,,,,,0.3243245132,0.36636168230000005,0.46295547130000003,0.6020853103,0.6177291979,0.6419028947,0.7017820059000001,0.7583815058000001,0.7857467962,0.8143824527,0.7857169933999999,0.8863779237,0.9052802425,0.9758533933,1.022958054,0.9563804601,0.8786520559000001,0.8743188614,0.8667966102,0.8912457608,0.8563318868,0.8311285227999999,0.7818909667,0.76164085,0.7701821700000001,0.8145609426999999,0.7540772882
24,Finland,,,,,,,,,,,,,,,,,,,,,0.7280045704,0.6313260985,0.7152016907,0.7133834629,0.5694253078,0.6237192905,0.630075188,0.6703495824,0.6548972671,0.6260749914,0.6160560536999999,0.6244815457,0.6509304009,0.6491525424,0.649052301,0.6722484344,0.6858782276,0.7157975528,0.7316491649,0.7344202772,0.8649831243,0.9670767213000001,1.191526503,1.040229617,0.9926169985,0.8377659844,0.8321365947,0.8666510239,0.7910835532999999,0.8112058369,0.9014086572,0.8533962995000001,0.8492652506,0.8729876309,0.8748409529,0.8760497186,0.9027629166,0.9388738026,1.034911075,1.061695654,1.08269242,1.091803958,1.105219437,1.147008873,1.200520066,1.260898361,1.153490746,1.223869978,1.206106347,1.1785181230000001,1.22091963,1.161392191
25,France,,,,,,,,,,,,,,,,,,,,,,,,,,,,0.8874282989,0.8751397910000001,0.8520760042000001,0.8558337207,0.8598586233000001,0.8521132649000001,0.8662253732,0.8731326817999999,0.8418269237,0.8214783769999999,0.8466967218000001,0.8885826538,0.9247092379,0.9627496094,0.9809792939,1.005076115,0.9855820627999999,0.9814199397,0.9746665977000001,0.9617006291,0.9607581199,0.948099558,0.9921741557,1.036729711,1.083080874,1.0760585679999999,1.056721609,1.061190632,1.074420764,1.091948656,1.104174393,1.155165179,1.195968131,1.187186418,1.239110675,1.277663199,1.257578799,1.313373787,1.364667636,1.422643008,1.4250440309999999,1.4619516049999999,1.5170454150000001,1.72570889,1.6615103740000001
26,Germany,,,,,,,,,,,,,,,,,,,,,0.5365838325,0.5487040823,0.567713385,0.569327992,0.583673856,0.5958996614000001,0.5872194149,0.5915678133,0.5865899364,0.5846315282,0.6065339124,0.6277765927,0.6368224663000001,0.629332176,0.6270011145000001,0.6143587584,0.5945891273,0.5945663757999999,0.5968497179,0.6022618498,0.5961362345,0.5626781435,0.5602487574,0.601583766,0.5824891367,0.5526076607,0.5699934421999999,0.5816184382,0.6025257891,0.6090683084999999,0.6941012474999999,0.7193547644999999,0.7434571361000001,0.7428410585999999,0.6859165885999999,0.68276938,0.6940199071,0.6804256766000001,0.7002293353,0.7184603370000001,0.6994439244999999,0.6727394228999999,0.6725961731,0.6888448610000001,0.6417803329,0.6406390235,0.6412152204,0.6494668151999999,0.6757652023,0.6861801305,0.7311528941000001,0.7234036232
27,Greece,,,,,,,,,,,,,,,,,,,,,,,,,,,,,,,,,,,,,,,,,,,,,0.300921138,0.2993638856,0.2949651554,0.2972816149,0.31934045050000004,0.3369139153,0.3974153011,0.4277118813,0.4224528325,0.42617082689999997,0.4234649785,0.46591179429999996,0.48040495499999997,0.5085943866,0.5831346792000001,0.5943998641,0.6761346398000001,0.6782418792999999,0.6913011397,0.6728669587,0.6812498589,0.6652246143,0.6594668012,0.6234603143999999,0.6042392987,0.5449877217,0.6574223050000001,0.6590439206
28,Honduras,,,,,,,,,,,,,,,,,,,,,,,,,,,,,,,,,,,,,,,,,,,,,,,,,,,,0.3277443101,0.32265193770000006,0.3230950377,0.3314765115,0.20387951399999998,0.2234062906,0.2547532468,0.2370148847,0.23504773029999998,0.21876858080000003,0.2105040265,0.2262674148,0.24846913350000002,0.2464116393,0.2488856257,0.2569956864,0.2641911624,0.2907252371,0.29642826159999996,0.3163161578,0.3061430457
29,Hong Kong SAR,,,,,,,,,,,,,,,,,,,,,,,,,,,,,,,,,,,,,,,,,1.3183019669999998,1.115616,1.039893251,1.056038187,1.077568811,1.162709583,1.205897996,1.245787764,1.184280859,1.080176773,1.050472486,1.0165182849999999,1.005710145,1.088132197,1.120341031,1.188621404,1.244520911,1.359387456,1.40569187,1.3887292110000002,1.6538445519999998,1.7812668329999999,1.769211397,2.010846909,2.179408453,2.300202645,2.3847887130000003,2.7242690750000005,2.622900097,2.675723054,2.9199666029999998,2.750425308
30,Hungary,,,,,,,,,,,,,,,,,,,,0.33993411780000005,0.3194567387,0.3574353841,0.3498454782,0.35140912669999996,0.39447525910000003,0.39572121619999995,0.4288010696,0.45012393500000003,0.4947703662,0.5105679198,0.5093195415,0.5037701855000001,0.5138712832,0.5193535941999999,0.5163459438,0.5119697636,0.5208327472,0.5230540211,0.48934477889999994,0.470009381,0.4684578864,0.45051898710000005,0.38571202460000004,0.3722354431,0.40269659539999997,0.3832830491,0.4278711737,0.447079764,0.44825783620000004,0.4835397428,0.5387083449,0.5384941586,0.49661839069999997,0.547193604,0.5721618599,0.6439374305,0.6716417248000001,0.7838923678,0.8080119806,0.9109370139,0.8619250221,0.8833593711000001,0.8374471004,0.7971258384,0.7914989345,0.7357458199,0.6964275621,0.6494577657,0.6419067599999999,0.6352258261,0.698050866,0.7411632564999999
31,Iceland,,,,,,,,,,,,,,,,,,,,,0.5557290418,0.5289877689,0.501576001,0.4798127032,0.5555224059,0.5648253104,0.5115048244,0.4947795459,0.5185108267999999,0.5182556195,0.6686139771,0.6348644555,0.8151532552999999,0.8222291038,0.8733470343,0.8168529189,0.672332719,0.6560156513,0.7184798241999999,0.7664963090000001,0.6964012882,0.6955688708,0.7673202501,0.7951831301,0.737447257,0.7120302732,0.7512112286,0.8080473840000001,0.8683459091,1.006959932,1.129219334,1.2051997,1.137497366,1.505322601,1.676977312,2.2214330330000003,3.1786025469999997,4.461545893,5.143409924,5.666494096,4.042827135,3.543944535,2.855149225,2.366752515,2.393050097,2.007261404,1.7482890509999998,1.245240369,1.147906648,1.055340148,1.3866678239999999,1.1948568880000001
32,India,,,,,,,,,,,,,,,,,,,,,,,,,,,,,,,,,,,,,,,,,,,,,,,,,0.4915828609,0.5249875526000001,0.56985268,0.5772131715,0.6346151861,0.6199956168,0.6694139697999999,0.7411558441,0.8114640629000001,0.5474534321,0.6400429658,0.6493343141,0.714019234,0.7571237465,0.7542531333,0.6750441714000001,0.7064491624999999,0.660282409,0.5595651414,0.5668508617,0.48373768429999997,0.5361265882,0.5744922935000001,0.5094619736
33,Indonesia,,,,,,,,,,,,,,,,,,,,,,,,,,,,,,,,,,,,,,,,,,,,,,,,,,,,0.21490273129999998,0.184469589,0.1686549762,0.16756935760000002,0.16246213040000002,0.1519841407,0.15080387269999998,0.1546035366,0.1463173385,0.1405046716,0.1547793459,0.1851731667,0.2171607446,0.2327129879,0.250533658,0.2369875266,0.23324639009999998,0.2438362585,0.2382044333,0.2487259137,0.23088231199999998
34,Ireland,,,,,,,,,,,,,,,,,,,,,,,,,,,,,,,,,,,,,,,,,,,,,,,,,,,,,0.8122031206,0.8316904456,0.8938109165,0.9561553909,1.222549698,1.295478764,1.751637896,1.8556445,1.977478016,2.090389163,2.147971415,2.033712811,2.197380629,2.670578304,2.503249373,2.2126086849999997,2.232556004,1.971500259,1.80648328,1.648505805
35,Israel,,,,,,,,,,,,,,,,,,,,,,,,,,,,,,,,,,,,,,,,,,,0.4777858441,0.5032466162,0.5304509077,0.5547675884000001,0.5624107304,0.5900003171,0.6566994062,0.6977869848,0.7139660836,0.7898706725,0.8260741151000001,0.7943998849,0.7974206156,0.8465796758,0.8672709064999999,0.9077442948,0.8354672581,0.8398258011,0.8263583914,0.7989620958,0.7746081687999999,0.7292363733,0.7046441115000001,0.6868570983,0.691826899,0.684300033,0.6833703873,0.6755719471,0.6950096123999999,0.7133845953
36,Italy,0.21420129880000002,0.2225304034,0.2615870076,0.2841633646,0.3140977132,0.33357524069999994,0.3584502968,0.3727877633,0.38508994129999996,0.4162411237,0.4350717836,0.469896956,0.5107089891,0.5294711795,0.5248563048,0.5373846026,0.5590395247,0.5781488019,0.59453205,0.6121206839,0.6088435601,0.6414202359,0.6678372262000001,0.6290180360000001,0.6027151314,0.60697744,0.5542873366,0.5243196624,0.4716723391,0.44816528310000003,0.4284928805,0.42954521560000003,0.4116094688,0.3989022805,0.4306380325,0.424087251,0.4170851476,0.4219431695,0.4361117997,0.3895273682,0.41660955559999996,0.4307170148,0.4606072663,0.46571285510000004,0.4408540989,0.5255185213,0.506941576,0.4991229981,0.4941691538,0.5441292976,0.5672763797,0.58833421,0.596146369,0.6200755292,0.6348736056,0.6616732591000001,0.6955703242,0.7486351589,0.7748933107,0.8261651881000001,0.8216174852,0.8118945435,0.8319817233000001,0.8169065261,0.8055917241999999,0.770727125,0.7384109786999999,0.7149729384,0.6966073555,0.6822272551,0.7706945249,0.7287667528999999
37,Japan,,,,,,,,,,,,,,,0.8996413621000001,0.9556606645,0.9493309761000001,0.9471065334,0.9189617072999999,0.9237658981,0.9197163083,1.020985228,1.079153714,1.036638283,0.9787774931,1.00640796,0.9992699858999999,0.9757859269,0.9430693850999999,0.9373304334,0.9439303499,0.9659956624,1.006135997,1.044673295,1.070036803,1.0988410020000001,1.145835192,1.238663761,1.277661438,1.341053077,1.387182278,1.3844759089999998,1.409317404,1.446242628,1.447266195,1.423530862,1.3898284419999998,1.369612432,1.2952678420000001,1.253567237,1.177845447,1.143466078,1.1165242739999999,1.0456744930000001,0.9924163317999999,1.0043360239999999,0.9996987874,0.9877414694,1.035566604,1.067976944,1.0154746319999999,1.012355641,0.9964571643,0.9826339894,0.970634013,0.9436403725,0.9591751558,0.9596827182,0.9810858404,1.019360642,1.164078637,1.1824818689999999
38,Kazakhstan,,,,,,,,,,,,,,,,,,,,,,,,,,,,,,,,,,,,,,,,,,,,,,,,,,,,,,0.2295549583,0.2532207853,0.3176428565,0.40334320589999995,0.4583195055,0.45414641899999997,0.4827599227,0.41148096850000004,0.3410484761,0.3423054031,0.3270215974,0.3244478822,0.3808833135,0.41879535240000004,0.37144848680000003,0.32385456949999997,0.28188956789999997,0.2916988929,0.24503080789999998
39,"Korea, Republic of",,,,,,,,,,,,,0.2482724365,0.2254076274,0.184542981,0.2196526681,0.23270010379999997,0.3123773114,0.38189442560000003,0.4495229287,0.4405152685,0.47171315550000004,0.46995782269999997,0.4751606542,0.478114611,0.4139450472,0.3902231773,0.3929831632,0.4330090958,0.4815746413,0.6075007741,0.6328957435,0.7066215484999999,0.7097332113,0.7384694616,0.7908972685000001,0.7619339055000001,0.7018502389,0.6307011209,0.7050053498,0.7564614575,0.7949383229999999,0.8189832302000001,0.8623140458999999,0.8864021107000001,0.905296455,0.9776023982,1.104018719,1.131776137,0.9958581527,0.8900105366,0.8502754118,0.8220341736000001,0.8030708791000001,0.7429168927,0.7334245261,0.8028157874,0.8479441719999999,0.9734994281,1.004622566,0.9553955085,0.9636727996000001,0.9804623433999999,0.9781323426999999,0.9954321661000001,0.977541169,0.9437896675999999,0.9252958900999999,0.955741159,1.0126540529999999,1.0983804929999998,1.136949583
40,Latvia,,,,,,,,,,,,,,,,,,,,,,,,,,,,,,,,,,,,,,,,,,,,,,0.1074067815,0.1751310493,0.23573082580000002,0.3062519795,0.3484978245,0.4204708137,0.4182858232,0.43110170400000003,0.43481921989999994,0.5268222928,0.5846756854,0.6686637625999999,0.6792244868999999,0.7231762580000001,0.8881575675000001,0.9120418886,0.9164718833000001,0.7768949889,0.740647615,0.6957649173,0.6160639092,0.6394621707,0.6185788444,0.5670663103,0.5618454137,0.5622128339,0.4765032856
41,Lesotho,,,,,,,,,,,,,,,,,,,,,,,,,,,,,,,,,,,,,,,,,,,,,,,,,,,,0.09753706358,0.08657968352999999,0.025429372,0.02615955315,0.03974975497,0.04511716389,0.044644841739999996,0.04736795516,0.06185139302,0.06249629261,0.06252033044,0.07013933709,0.06560461252,0.06625600314999999,0.06914965673000001,0.06304242778,0.06475331597,0.06512882876,0.06391103211,0.05978190077,0.056618320390000004
42,Lithuania,,,,,,,,,,,,,,,,,,,,,,,,,,,,,,,,,,,,,,,,,,,,,,0.198072621,0.20693632090000003,0.22903159760000003,0.2497216014,0.2894355892,0.2983432449,0.286880158,0.2861075983,0.313155034,0.3309933753,0.3812964728,0.4423509456,0.5660828712,0.5592131047,0.5411624302,0.48816254610000004,0.428499355,0.416672154,0.3995936027,0.3687047754,0.376329805,0.40373464579999996,0.4200982584,0.415469254,0.40582972949999996,0.3680461994,0.4058711051
43,Luxembourg,,,,,,,,,,,,,,,,,,,,,,,,,,,,,,,,,,,,,,,,,,,,,,0.7382660104,0.7590440957,1.245523844,0.9461123839,0.9483844571,0.9078569564,1.31855661,1.415737076,1.9374161179999998,1.732317822,1.619822265,1.690095099,2.832383149,2.657312245,3.073568464,2.753315237,2.897769575,3.009594594,3.05575981,3.2271636360000002,3.2868509710000002,3.1642414530000003,3.117564743,3.1543747580000003,3.328713752,3.467266261,3.19429573
44,Malaysia,,,,,,,,,,,,,,,,,,,,,,,,,,,,,,,,,,,,,,,,,,,,,,,,,,,,,,,,,0.6123910516,0.6270218992000001,0.5872761755,0.7001353476,0.6497567861,0.6785593694000001,0.6651397787000001,0.7055956802,0.6965693478,0.7420442744,0.7371200014999999,0.7616726864000001,0.7199008536,0.7098789836,0.8232127844999999,0.7762984584
45,Malta,,,,,,,,,,,,,,,,,,,,,,,,,,,,,,,,,,,,,,,,,,,,,,1.098803793,1.149848747,1.160559059,1.200572859,1.202218166,1.1139687790000001,1.154243617,1.162636709,1.170605587,1.093585214,1.152356746,1.094021232,1.285188947,1.421812785,1.5891478810000002,1.610345603,1.715579735,1.6649285889999998,1.5571201909999999,1.516654529,1.491430681,1.5081589919999998,1.505668376,1.569453783,1.70679494,1.787185461,1.6341927390000002
46,Mauritius,,,,,,,,,,,,,,,,,,,,,,,,,,,,,,,,,,,,,,,,,,,,,,,,,,,,,,,,,,0.4802600475,0.5113019058,0.490153733,0.5261139799,0.5885630932,0.6186553467,0.6224984892,0.599279111,0.6231699586,0.5682552076,0.5710067105000001,0.4903,0.4789,0.5851,0.4901
47,Mexico,,,,,,,,,,,,,,,,,,,,,,,,,,,,,,,,,,,,,,,,,,,,,0.3877889829,0.3776399309,0.2963798345,0.24882371849999999,0.2274804402,0.1853087446,0.174054702,0.1581661236,0.1591166913,0.1555775359,0.13938182870000002,0.1306722769,0.1367484041,0.1469539208,0.16683720359999998,0.1675190929,0.1658349133,0.18313661280000001,0.18033792259999998,0.20536779389999998,0.2192477693,0.2450219787,0.2682401316,0.2652733449,0.2574023789,0.2514996166,0.2699993474,0.2476249745
48,Morocco,,,,,,,,,,,,,,,,,,,,,,,,,,,,,,,,,,,,,,,,,,,,,,,,,,,,0.3445464364,0.3076285273,0.26779696470000003,0.2482023685,0.2680058687,0.2743018151,0.31535735070000004,0.3553097152,0.3753163979,0.40083723470000004,0.42614858699999997,0.42275065959999997,0.3894298485,0.3901865921,0.37193073509999997,0.3808236409,0.3753806703,0.3604272165,0.36571322279999996,0.4119268262,0.3794807934
49,Myanmar,,,,,,,,,,,,,,,,,,,,,,,,,,,,,,,,,,,,,,,,,,,,,,,,,,,,0.10630053630000001,0.10725084000000001,0.03819826322,0.040818039300000004,0.042770171909999995,0.03530364078,0.030942973130000002,0.02806691639,0.03248201534,0.045749325970000004,0.06486505483,0.08605437769,0.1153927988,0.14769503979999998,0.1739200438,0.2133775163,0.24121391020000002,0.2583830423,0.259859145,0.2577764056,
50,Nepal,,,,,,,,,,,,,,,,,,,,,,,,,,,,,,,,,,,,,,,,,,,,,,,,,,,,,0.119032442,0.1289449098,0.1426737821,0.153074864,0.1456718944,0.1577045435,0.2111867637,0.2594458309,0.249930387,0.2540869302,0.2723532386,0.2726317615,0.29037243830000004,0.3000844473,0.3608674182,0.36800510940000003,0.432325889,0.4874141632,0.5532592332,0.672693539
51,Netherlands,,,,,,,,,,,,,,,,,,,,,,,,,,,,,,,,,,,,,,,,,1.116256336,1.136897574,1.184119958,1.183786398,1.200699791,1.1688833459999999,1.189263692,1.182668285,1.222216868,1.274086383,1.301630284,1.261894534,1.215705486,1.296643981,1.261773408,1.274074531,1.219267603,1.211221474,1.231640085,1.315710212,1.4401122050000001,1.5621910360000002,1.612407078,1.640567299,1.726786884,1.7239423310000002,1.737020655,1.662320191,1.5932321859999998,1.489023498,1.47894869,1.462587989
52,New Zealand,,,,,,,,,,,,,,,,,,,,,,,,,,,,,,,,,,,,,,,,,0.7091380952,0.7326572116,0.7294587882000001,0.7410071942,0.7128027293,0.7823767554,0.7191365704,0.7977990025,0.8082594197999999,0.8013739277,0.8533194740000001,0.8207988598999999,0.8380021992000001,0.7950824884,0.8437346823,0.9032163779,0.9562744506,0.9940510951,1.073585921,1.021926647,0.9661789005,0.9084916212,0.9084349848,0.8708862757,0.8615009734,0.8558619758,0.8503326399,0.8311307517000001,0.8159897135,0.7857053628,0.7683502597999999,0.7272599205
53,Nicaragua,,,,,,,,,,,,,,,,,,,,,,,,,,,,,,,,,,,,,,,,,,,,,,,,,,,,0.0661426526,0.05629466827,0.08255419629,0.08372931509,0.08374927034,0.0966210699,0.0941094596,0.08865070560999999,0.08378199673999999,0.09526978749,0.09950449563,0.1176103193,0.1217800624,0.1259782582,0.1382763375,0.1403466024,0.1530844088,0.1530601825,0.12174063269999999,0.12184714530000001,0.1137485283
54,North Macedonia ,,,,,,,,,,,,,,,,,,,,,,,,,,,,,,,,,,,,,,,,,,,,,,,,,,,,,,,,0.268175732,0.37733955719999995,0.4556217575,0.5313458025,0.5706465766000001,0.5834008662,0.5938995715000001,0.6368108821,0.6259071693,0.6424565164,0.6590352373999999,0.6726887297,0.6712233408999999,0.6627543072000001,0.6578023523000001,0.6871112774,0.6846097915999999
55,Norway,,,,,,,,,,,,,,,,,,,,,,,,,,0.7861476775,0.8314924216,0.9096440128000001,0.9014638829,0.8568230409,0.8156334537,0.7902513061,0.8531874111000001,0.857370968,0.911592818,0.8921678799,0.9832174225,0.9988548926999999,1.031351456,1.03640379,1.005341004,0.9261322789,1.005701685,0.9606289455,0.883226729,0.8674666896,0.8555173025,0.9676538104,1.090066181,1.08174678,1.0398518129999998,1.0784597630000001,1.11598974,1.100189772,1.142664692,1.1265525859999999,1.129930479,1.277275758,1.4438452670000002,1.437291871,1.437402734,1.370120418,1.426616191,1.375448681,1.4014449759999998,1.539296496,1.543843935,1.4349383470000001,1.341375672,1.442396823,1.66431787,1.391609324
56,Pakistan,,,,,,,,,,,,,,,,,,,,,,,,,,,,,,,,,,,,,,,,,,,,,,,,,,,,,,,,,0.1945821785,0.20064201369999998,0.2008309225,0.1703150493,0.1648709894,0.1400555732,0.1291401946,0.12181904910000001,0.1114783736,0.1238432703,0.1446445997,0.1630875355,0.1867986064,0.2017291899,0.2070481015,0.20601724010000003
57,Peru,,,,,,,,,,,,,,,,,,,,,,,,,,,,,,,,,,,,,,,,,,,,,,,,,,,,0.24997641680000002,0.2201444572,0.1776241861,0.1589254151,0.1464431595,0.1402718149,0.18025988510000002,0.20911866969999998,0.2031850661,0.1963532468,0.21499869489999998,0.21715145060000002,0.2448149352,0.2886022451,0.3423879127,0.36061367689999996,0.41145025519999995,0.4208909071,0.4094603247,0.5358100498999999,0.47029240710000003
58,Poland,,,,,,,,,,,,,,,,,,,,,,,,,,,,,,,,,,,,,,,,,,,,,,0.19892786180000002,0.2212852826,0.2282555685,0.27332980819999997,0.3057960753,0.3246547629,0.3343260711,0.3607928897,0.348375457,0.2946795679,0.2831170048,0.3159744515,0.341851984,0.3967117175,0.37922282,0.38467602059999995,0.4150323977,0.4274478725,0.4392964722,0.4655355443,0.4755101029,0.4993456353,0.4701762649,0.4658884639,0.4425005711,0.4588870413,0.4377457541
59,Portugal,,,,,,,,,,,,,,,,,,,,,,,,,,,,,,1.043492866,1.017579222,1.074110827,1.1640251929999998,1.2295583399999999,1.216397932,1.0586273099999999,0.8902069480999999,0.7777642008,0.7231764425999999,0.6775877221000001,0.6130357604000001,0.6554884088999999,0.6792947352,0.7271279935,0.711691617,0.6502854139,0.6948265847999999,0.6886776134999999,0.7493260196999999,0.7847275117,0.8393444666000001,0.9090473879,0.9292676049,0.961334394,1.008982689,1.0104905180000001,1.004394312,1.071104161,1.173778411,1.2320797829999999,1.271270993,1.3265873990000001,1.411023223,1.340042923,1.263417078,1.196517562,1.116666971,1.075565803,1.010248352,0.9739908674,1.069582058,1.040076259
60,Romania,,,,,,,,,,,,,,,,,,,,,,,,,,,,,,,,,,,,,,,,,,,,,,,,,,,,0.1132440289,0.1188624529,0.1115685647,0.1237975006,0.1291041098,0.17900637689999999,0.2156394508,0.23533656400000003,0.2409593275,0.23636949969999999,0.23340304639999998,0.2098482864,0.17764673909999998,0.1526721932,0.147470875,0.1375639431,0.1339405932,0.1323395287,0.1266336365,0.1367739225,0.1326586102
61,Russian Federation,,,,,,,,,,,,,,,,,,,,,,,,,,,,,,,,,,,,,,,,,,,,,,,,,0.33205944039999996,0.2502883227,0.2311119685,0.2523058605,0.2846844363,0.327293842,0.3511578627,0.38825092099999997,0.3998414039,0.492511922,0.5432813763,0.5972008044,0.5282649131,0.5199070932000001,0.5558920113,0.6508638405,0.8070591926999999,0.8780620165999999,0.8386074348,0.8288267504,0.802088277,0.7695514573,0.9168757979,0.7984081746
62,Samoa,,,,,,,,,,,,,,,,,,,,,,,,,,,,,,,,,,,,,,,,,,,,,,0.07947643609,0.09064831386,0.09289545055,0.104345466,0.1407565483,0.16150003259999998,0.1634874421,0.1751897452,0.1723701648,0.1767967754,0.1894230651,0.20726508899999999,0.1931926401,0.1901438185,0.1858413294,0.20653121219999998,0.2182534516,0.2340768643,0.23053329649999998,0.2443462028,0.2482042831,0.27052030909999997,0.26394593969999997,0.2672115723,0.2732074252,0.2867754154,0.2887870274
63,Saudi Arabia,,,,,,,,,,,,,,,,,,,,,,,,,,,,,,,,,,,,,,,,,,,,,,,,,0.3366787179,0.2755324241,0.23114061589999998,0.24967556059999998,0.24734713800000002,0.2209722752,0.2619906635,0.2845073836,0.2769042613,0.3510864247,0.3848681327,0.442617731,0.3779841335,0.3097007981,0.2978296068,0.3481746104,0.38939242,0.5092693792,0.5240729739,0.4865764489,0.4290735592,0.4858613174,0.6380106128,0.6102668063
64,Sierra Leone,,,,,,,,,,,,,,,,,,,,,,,,,,,,,,,,,,,,,,,,,,,,,,,,,,,,0.011141670130000001,0.013603094840000001,0.0228773777,0.027722644930000002,0.025361209659999998,0.02528386218,0.03253439802,0.04005552966,0.06114026080999999,0.050422669170000003,0.04738410585,0.04620709457,0.03574561221,0.03620227032,0.04159879906,0.04298606604,0.03674009294,0.03979087147,0.04693011493,0.040720795330000004,0.05121251016
65,Singapore,,,,,,,,,,,,,,,,,,,,,,,,,,,,,,,,,,,,,,,,,,0.9862266178,0.9857960767999999,0.9561380307999999,0.8914632261,1.048895538,1.1203206430000001,1.184056169,1.1455453180000001,1.098217124,1.048786349,1.184761097,1.140085493,1.124384912,0.9639155905,0.9507528569999999,0.8978788849,0.9498030052,1.0873448940000001,1.048143643,0.9500761667000001,1.030236399,1.118294441,1.2487167750000001,1.338610881,1.389628525,1.380854865,1.392473387,1.3891107310000002,1.520618391,1.72240498,1.615138148
66,Slovak Republic,,,,,,,,,,,,,,,,,,,,,,,,,,,,,,,,,,,,,,,,,,,,,,0.6283179126,0.5751515922,0.5557836286,0.5876095518000001,0.5547046373,0.4310413442,0.4101194217,0.4512263726,0.3968707434,0.3884899253,0.3679544266,0.38212854900000004,0.4301652539,0.4436599184,0.4659945456,0.4326820173,0.4603082666,0.47306944160000003,0.49670764089999997,0.5197403697,0.5068345513,0.5590908754,0.5587479824,0.5400016326,0.538627084,0.5450280356,0.5361821039
67,Slovenia,,,,,,,,,,,,,,,,,,,,,,,,,,,,,,,,,,,,,,,,,,,,,,0.2849215968,0.2806384958,0.29993134099999996,0.3426308316,0.39131343389999995,0.4395033178,0.4793429073,0.5024077865000001,0.5365962215,0.5772724969,0.6516542097,0.6800062281,0.7961566425,0.8912162465,0.9537193593000001,0.9468731352,0.948254926,0.9299843049000001,0.8805271257,0.7889611339,0.6783072432999999,0.6072961586000001,0.5535057066,0.5149281873,0.4791163144,0.4775779127,0.4614992693
68,Solomon Islands,,,,,,,,,,,,,,,,,,,,,,,,,,,,,,,,,,,,,,,,,,,,,,,,,,,,0.05185714777,0.05765370987,0.06736486280000001,0.06489786183,0.0869723332,0.116664801,0.1504442864,0.16837630480000002,0.1396688404,0.1216705957,0.10794772350000001,0.1066419657,0.1031375932,0.1084874265,0.1263915803,0.1284225311,0.1360597617,0.12502090000000002,0.13540380230000001,0.1416484901,0.1180227113
69,South Africa,,,,,,,,,,,,,,,,,,,,,,,,,,,,,,,,,,,,,,,,,,,,,,,,,,,,,,,,,,,0.3678762429,0.3451155936,0.3260272161,0.3201108971,0.33056414269999995,0.345919784,0.3485198989,0.38134085900000003,0.3850593175,0.38096361479999996,0.3735733209,0.3744730047,0.367175606,0.32018005010000006
70,Spain,,,,,,,,,,,,,,,,,,,,,,,,,,,,,,,0.5317204446,0.5601236025,0.5630735318,0.5580245152,0.556653176,0.5173463755000001,0.46882616650000003,0.4307195282,0.4335093726,0.4410590554,0.4515393616,0.4664901966,0.4714543149,0.47045587990000004,0.43778554059999997,0.4874146125,0.4761205667,0.48603881299999996,0.5096186540000001,0.6154842312000001,0.7249151425,0.7972048223,0.8234532093999999,0.8675676147,0.9332086005,1.028817381,1.167427923,1.275254547,1.315854033,1.3779325800000002,1.396444889,1.370855162,1.2999488890000002,1.243233681,1.164662774,1.098555109,1.0473676650000001,0.9871758127,0.953591039,0.9313559016,1.079120423,1.03969668
71,Sri Lanka,,,,,,,,,,,,,,,,,,,,,,,,,,,,,,,,,,,,,,,,,,,,,,,,,,,,0.03279841932,0.02934239937,0.02567749444,0.02931616073,,0.0111972191,0.01740223044,0.0146621057,0.0109427723,0.02335266238,0.26236141279999997,0.2628106823,0.2496200778,0.25333858070000004,0.33346373389999995,0.353597769,0.3883350495,0.4119128538,0.4396518923,,
72,Sweden,,,,,,,,,,,,0.6236552209,0.6457758060000001,0.6844494471,0.6960875706999999,0.722433481,0.7296390904000001,0.7517105383,0.8004655332999999,0.8061585381,0.7435017209,0.7106355947,0.7063747869,0.6894000532,0.6683424052,0.6186435244999999,0.5955511808,0.6028588112,0.5892789036,0.5749286806,0.5345810794,0.5468107535,0.5615467137,0.5613700305,0.5707834151,0.5908374838,0.6394745582,0.7067616719,0.7718579094,0.8961307165,0.9932769591,0.9402527835,1.007740043,1.012679329,0.9497969413,0.8863110606,0.8729152121,0.9322717239,0.9748307518999999,1.0145913389999999,1.070750547,1.1258110399999999,1.0986423619999999,1.0448295589999999,1.019488063,1.065112748,0.7817237451,0.9679749708,1.198037484,1.256250885,1.133959185,1.163890442,1.166005002,1.28929955,1.20494624,1.291422777,1.256100807,1.2994166169999999,1.275155924,1.3726192019999999,1.4621116280000002,1.5525479619999998
73,Switzerland,,,,,,,,,,,,,,,,,,,,,,,,,,,,,,,,,,,,,,,,,,,,,,,,,,0.9225843477,0.8686983173,0.8420125003,0.8183303138,0.8475435431,0.8302154364000001,0.8297244728,0.8239005521999999,0.9357489131,0.9319004062,1.031264181,1.0251312179999998,1.067044546,1.113579036,1.084970784,1.095916111,1.110105289,1.166095445,1.2399863,1.178818999,1.3442144429999998,1.365060607,1.431919988
74,São Tomé and Príncipe,,,,,,,,,,,,,,,,,,,,,,,,,,,,,,,,,,,,,,,,,,,,,,,,,,,,,,,,,0.12172046119999999,0.1357382382,0.1166076541,0.1677417694,0.1244417685,0.1441813438,0.1509279267,0.1350139106,0.11866297149999999,0.1079757756,0.09881898891,0.09677604493,0.08752725529,0.08808502566,0.07983523865,
75,Tajikistan,,,,,,,,,,,,,,,,,,,,,,,,,,,,,,,,,,,,,,,,,,,,,,,,,,,,0.1404187823,0.1223216244,0.11318129660000001,0.030149783929999997,0.04845653169,0.05044886672,0.08247179856,0.08924127538,0.08171326162999999,0.07838266493,0.06463558505,0.05966504236,0.07554645368,0.09149033923,0.1109820862,0.08157298205,0.04456621833,0.03931737931,0.03668585075,0.04231480009,0.03391122301
76,Thailand,,,,,,,,,,,,,,,,,,,,,,,,,,,,,,,,,,,,,,,,,,,,,,,,,,,,,,0.9136802525000001,0.9299228878,0.9029347115999999,0.8514525790999999,0.7259236995,0.7601748195,0.7466010579,0.7041243433,0.7436092596999999,0.7392847103,0.7522453074000001,0.7617646578999999,0.7815960732,0.7743546979,0.7511647874,0.7593445027999999,0.7475078602,0.8662404183,0.8958062749
77,"Türkiye, Republic of",,,,,,,,,,,,,,,,,,,,,,,,,,,,,,,,,,,,,0.1723120818,0.1838706534,0.1708028984,0.1507050882,0.1610134097,0.1684464015,0.17277071379999998,0.1706126948,0.1782160548,0.18094032070000002,0.2195761201,0.2598686061,0.2362058169,0.2341535113,0.2165082959,0.253831221,0.1994849019,0.1708729141,0.17332109289999997,0.21927970689999998,0.2680124768,0.2937743188,0.35009045819999995,0.3494095775,0.3972463945,0.4395100639,0.4442341209,0.5188447071,0.558835682,0.6149468947,0.6694091028,0.6688395405,0.6788657404,0.6501812762,0.7158215804,0.7434966946999999
78,Ukraine,,,,,,,,,,,,,,,,,,,,,,,,,,,,,,,,,,,,,,,,,,,,,,0.07601806388,0.0726268791,0.08931339796,0.1096486518,0.1366599372,0.1588285154,0.18869883399999998,0.2448706063,0.3068717685,0.34470709739999994,0.3939850705,0.4757052678,0.5662492433,0.7598861705000001,0.8373043461,0.7826961772,0.756219859,0.7789059281,0.825207916,1.049109616,0.9874587335,0.8807189176,0.7140181102,0.604611139,0.48553664150000003,0.5093540074,0.3987279616
79,United Arab Emirates,,,,,,,,,,,,,,,,,,,,,,,,,,,,,,,,,,,,,,,,,,,,,,,,,,,,,,,,,,,0.6848310004,0.8626154661,0.7680506554000001,0.6219906362,0.5708378445000001,0.6211314918,0.6593755285999999,0.7922138172,0.8327920739,0.8287855098,0.8057430765,0.8362902132000001,0.9777785932,0.8268125582
80,United Kingdom,,,,,,,,,,,,,,,,,0.2770647294,0.2806661363,0.27501290619999996,0.2705367382,0.2737765171,0.2699854305,0.3068729401,0.3054087742,0.2957762002,0.2744834939,0.287448275,0.2667545438,0.2570018119,0.2506142729,0.2665019904,0.2906753944,0.31051508,0.3138224638,0.3490749524,0.3492096069,0.3810727192,0.388978006,0.4479513652,0.5158772607000001,0.5766003407,0.5724377176000001,0.5886384585,0.6071655428,0.5538976891,0.5788675477,0.5809078448,0.5440049968999999,0.60227703,0.6568039387,0.7086936732,0.7540329748000001,0.793834682,0.7485821091,0.7305977117000001,0.7864589585,0.8104402860000001,0.8175062963999999,0.9107979224,0.8821728576,0.8352457364,0.8135122362,0.8359304152999999,0.7905908859,0.7284493557,0.7032402650999999,0.7375483354000001,0.7621001524000001,0.7125014947,0.7096705824,0.7885602598,0.7169258895
81,United States,0.3051202024,0.29745577430000003,0.30579208690000004,0.3022245808,0.3171083717,0.32021685310000003,0.3320559018,0.3413345708,0.360020752,0.3597663352,0.37158742310000004,0.3843652369,0.387656256,0.3981254563,0.4031295635,0.41208516619999996,0.4185408183,0.4343213798,0.44224796499999997,0.4567824589,0.4809808457,0.48762180219999995,0.4995494033,0.5129379933,0.5338373137,0.5138979178,0.4988265541,0.5049564639999999,0.5038544983,0.5114669864,0.5161015985,0.5171334804,0.5405795801,0.5493137774,0.5747452107000001,0.5927610047999999,0.6255271993,0.6418639616999999,0.6520593726,0.6475290698,0.634457604,0.6002443926000001,0.5656803917,0.5561146306,0.552588425,0.5601204228000001,0.5577072076,0.5694516499,0.6018785533,0.628612812,0.6434788971000001,0.6516838855,0.6449735111,0.6235771116,0.6204691346,0.6278866802,0.6519745795,0.7006850095999999,0.7254806243999999,0.7043400182,0.6688628295,0.6604539503,0.667478982,0.6746332723999999,0.6912782557,0.7110118766,0.7273713433000001,0.7475826664999999,0.757354528,0.7629539690999999,0.852172061,0.8109762209
82,Vanuatu,,,,,,,,,,,,,,,,,,,,,,,,,,,,,,,,,,,,,,,,,,,,,,,,,,,,0.2359080576,0.2584040161,0.2544164216,0.21291571699999998,0.267291995,0.2641426632,0.218214337,0.2680661677,0.3778208578,0.3291080682,0.3400239896,0.35747896879999996,0.34177459130000004,0.366478258,0.3333691578,0.315813817,0.28375807519999996,0.2648068908,0.2484728153,0.2653535252,0.26343647140000004
