,01T02,03,05T06,07T08,09,10T12,13T15,16,17T18,19,20,21,22,23,24,25,26,27,28,29,30,31T33,35,36T39,41T43,45T47,49,50,51,52,53,55T56,58T60,61,62T63,64T66,68,69T75,77T82,84,85,86T88,90T93,94T96
01T02,0.0,0.0,0.0,0.0,0.0,0.0,0.0,0.0,0.0,0.0,0.0,0.0,0.0,0.0,0.0,0.0,0.0,0.0,0.0,0.0,0.0,0.0,0.0,0.0,0.0,0.0,0.0,0.0,0.0,0.0,0.0,0.0,0.0,0.0,0.0,0.0,0.0,0.0,0.0,0.0,0.0,0.0,0.0,0.0
03,0.0,0.0,0.0,0.0,0.0,0.0,0.0,0.0,0.0,0.0,0.0,0.0,0.0,0.0,0.0,0.0,0.0,0.0,0.0,0.0,0.0,0.0,0.0,0.0,0.0,0.0,0.0,0.0,0.0,0.0,0.0,0.0,0.0,0.0,0.0,0.0,0.0,0.0,0.0,0.0,0.0,0.0,0.0,0.0
05T06,0.0,0.0,0.0,0.0,0.0,0.0,0.0,0.0,0.0,0.0,0.0,0.0,0.0,0.0,0.0,0.0,0.0,0.0,0.0,0.0,0.0,0.0,0.0,0.0,0.0,0.0,0.0,0.0,0.0,0.0,0.0,0.0,0.0,0.0,0.0,0.0,0.0,0.0,0.0,0.0,0.0,0.0,0.0,0.0
07T08,4.97894429503949e-07,1.1803255212627276e-08,6.767687729428502e-08,8.493763494028661e-08,4.951822222835289e-08,3.4515334954528644e-06,1.6068545452474155e-08,5.584337610671877e-09,9.410698574865658e-08,3.2514487450844043e-07,7.218648592734197e-06,3.254084521703464e-06,1.1411886184160229e-07,7.594976411546294e-08,5.095135356852313e-07,1.8927448250231454e-06,1.3634420311082405e-06,4.2789111962649384e-08,3.721440246753406e-07,5.227699637159913e-06,2.1855753538987346e-07,1.0616727108574805e-07,1.834443337464078e-05,1.21180640497227e-07,8.817475150545895e-07,6.670266056130271e-06,1.4397710068601353e-07,1.0833638370798364e-08,2.1827549635076717e-08,2.2642632458588003e-08,0.0,1.5477668599493973e-07,2.226515990151582e-06,2.2082877091298365e-06,3.572537306422409e-08,1.182936154424739e-07,3.231296384892737e-06,1.143792468261503e-06,1.3254460552980891e-07,0.0,2.4730833169430073e-08,4.300961489799995e-08,1.1380936942104863e-07,2.4566376557506696e-07
09,0.0,2.9012642506257607e-10,0.04456701230529954,0.0004383024913490787,9.61573718341902e-05,1.0195152268525186e-08,0.0,0.0,5.997623761917339e-10,1.4792628662223183e-05,7.040980369782085e-06,3.1739937115081937e-06,3.384395757097615e-10,7.625426312541266e-07,3.5886131847007495e-07,2.123414721149105e-07,3.4647121478699123e-06,3.173106558809279e-08,2.599502355540412e-06,0.0,0.0,9.985616568025608e-08,0.00018560552165483276,3.4130435729820685e-08,1.0079139292514055e-05,1.2807632107441078e-05,4.133209218773305e-05,6.281977120795974e-08,0.0,1.6639036230907566e-07,0.0,1.2697244461159575e-08,0.0,0.0,0.0,2.755279896074485e-06,1.5381704080511345e-05,2.6188040743002075e-05,4.610384723755661e-07,0.0,0.0,0.0,0.0,6.743829590311543e-08
10T12,0.0,0.0,0.0,0.0,0.0,0.0,0.0,0.0,0.0,0.0,0.0,0.0,0.0,0.0,0.0,0.0,0.0,0.0,0.0,0.0,0.0,0.0,0.0,0.0,0.0,0.0,0.0,0.0,0.0,0.0,0.0,0.0,0.0,0.0,0.0,0.0,0.0,0.0,0.0,0.0,0.0,0.0,0.0,0.0
13T15,2.150263134206956e-05,2.5762054974225887e-07,3.2889493337376917e-06,9.277210420567527e-07,6.170038921744746e-07,2.99078867741934e-06,2.9161703704145912e-08,1.5318630315346034e-07,6.490975337511816e-07,7.52995044872174e-07,1.2435578777218144e-05,5.605817196601093e-06,2.282974016167604e-07,2.686771808411217e-07,4.6254661850809815e-07,3.736463744520666e-07,3.6883370254727566e-05,7.815277939822442e-07,1.3456353039432495e-06,2.0867360412311468e-05,3.8816766034546885e-06,1.4397261171306147e-06,3.166339429189492e-05,4.891598210894883e-07,1.0638418990208308e-05,0.00016226187692114613,7.165552749510226e-06,1.9240169642923123e-07,3.4915596344886377e-06,2.5575591069885217e-06,0.0,6.569616357837915e-06,4.64347517095468e-05,4.0396241461774096e-05,3.7397886127636713e-06,0.00012488625612693926,0.00023441730105199255,3.0073785567168307e-05,9.385792365453299e-06,0.0,1.0087563820248707e-05,8.508229987187893e-06,1.0007216835295097e-05,9.516918762267133e-06
16,0.0,0.0,0.0,0.0,0.0,0.0,0.0,0.0,0.0,0.0,0.0,0.0,0.0,0.0,0.0,0.0,0.0,0.0,0.0,0.0,0.0,0.0,0.0,0.0,0.0,0.0,0.0,0.0,0.0,0.0,0.0,0.0,0.0,0.0,0.0,0.0,0.0,0.0,0.0,0.0,0.0,0.0,0.0,0.0
17T18,0.0,0.0,0.0,0.0,0.0,0.0,0.0,0.0,0.0,0.0,0.0,0.0,0.0,0.0,0.0,0.0,0.0,0.0,0.0,0.0,0.0,0.0,0.0,0.0,0.0,0.0,0.0,0.0,0.0,0.0,0.0,0.0,0.0,0.0,0.0,0.0,0.0,0.0,0.0,0.0,0.0,0.0,0.0,0.0
19,0.0,0.0,0.0,0.0,0.0,0.0,0.0,0.0,0.0,0.0,0.0,0.0,0.0,0.0,0.0,0.0,0.0,0.0,0.0,0.0,0.0,0.0,0.0,0.0,0.0,0.0,0.0,0.0,0.0,0.0,0.0,0.0,0.0,0.0,0.0,0.0,0.0,0.0,0.0,0.0,0.0,0.0,0.0,0.0
20,4.9342847618281835e-06,1.2827745693151352e-07,9.168325729666432e-07,7.60469678572263e-07,4.756975121996818e-07,2.8498489084984413e-05,1.191451802998976e-07,7.383409891919185e-08,8.930354749172608e-07,2.5832787378290608e-06,5.643406527363727e-05,2.543983350132694e-05,9.58360996116089e-07,7.766030364402369e-07,4.020121421509574e-06,1.6442735212615936e-05,1.1059648264495375e-05,4.830735378439038e-07,3.4817849089515388e-06,3.764398472813841e-05,2.1264911498124662e-06,9.167707969001157e-07,0.0001714056597931298,1.2551755953847162e-06,8.735667452202732e-06,6.625152211853793e-05,1.279743583951014e-06,1.3096515449895258e-07,2.615344694451035e-07,2.580059909283786e-07,0.0,3.0553063392947124e-06,1.8344328288925903e-05,1.8004577178270448e-05,3.0420693155757313e-07,2.4376639078553796e-06,2.745275210391653e-05,1.0520766099153487e-05,1.4700561744930458e-06,0.0,1.9094183100656716e-07,4.658995078212945e-07,1.073294403647238e-06,2.4028495871388334e-06
21,4.9342847618281835e-06,1.2827745693151352e-07,9.168325729666432e-07,7.60469678572263e-07,4.756975121996818e-07,2.8498489084984413e-05,1.191451802998976e-07,7.383409891919185e-08,8.930354749172608e-07,2.5832787378290608e-06,5.643406527363727e-05,2.543983350132694e-05,9.58360996116089e-07,7.766030364402369e-07,4.020121421509574e-06,1.6442735212615936e-05,1.1059648264495375e-05,4.830735378439038e-07,3.4817849089515388e-06,3.764398472813841e-05,2.1264911498124662e-06,9.167707969001157e-07,0.0001714056597931298,1.2551755953847162e-06,8.735667452202732e-06,6.625152211853793e-05,1.279743583951014e-06,1.3096515449895258e-07,2.615344694451035e-07,2.580059909283786e-07,0.0,3.0553063392947124e-06,1.8344328288925903e-05,1.8004577178270448e-05,3.0420693155757313e-07,2.4376639078553796e-06,2.745275210391653e-05,1.0520766099153487e-05,1.4700561744930458e-06,0.0,1.9094183100656716e-07,4.658995078212945e-07,1.073294403647238e-06,2.4028495871388334e-06
22,3.487450023431049e-07,1.0267437192070086e-08,5.0334924171783466e-08,1.1285707440491944e-08,6.6411296653929326e-09,2.963471722070187e-06,9.351612641051414e-08,1.1753975897248644e-07,1.26225041742317e-06,1.6600725173568539e-06,9.599613999779392e-06,4.327396593657712e-06,1.6007072365858255e-06,2.414074733632645e-07,1.0454770565838324e-07,3.6554474655136233e-08,2.0137684031475763e-05,8.894616018924309e-08,2.575699057720043e-07,6.482601487724895e-07,1.2930415544655864e-07,1.8463189564808103e-07,7.063112152327295e-07,2.720216770015138e-08,1.9260721298834205e-07,7.831973959648387e-06,1.2836118811978204e-07,2.7329427106048814e-09,1.4270584139576385e-07,5.460786408452559e-08,0.0,5.456023291206591e-07,1.6180411777397401e-06,1.00813601917189e-06,2.9001379457005687e-07,3.681978771961827e-06,2.0572129330526837e-05,3.5487221964253855e-06,3.236457661376141e-07,0.0,2.2655650177337978e-07,2.5774119365871493e-07,2.5604081662712313e-07,5.262445132041565e-07
23,0.0,0.0,0.0,0.0,0.0,0.0,0.0,0.0,0.0,0.0,0.0,0.0,0.0,0.0,0.0,0.0,0.0,0.0,0.0,0.0,0.0,0.0,0.0,0.0,0.0,0.0,0.0,0.0,0.0,0.0,0.0,0.0,0.0,0.0,0.0,0.0,0.0,0.0,0.0,0.0,0.0,0.0,0.0,0.0
24,0.0,0.0,0.0,0.0,0.0,0.0,0.0,0.0,0.0,0.0,0.0,0.0,0.0,0.0,0.0,0.0,0.0,0.0,0.0,0.0,0.0,0.0,0.0,0.0,0.0,0.0,0.0,0.0,0.0,0.0,0.0,0.0,0.0,0.0,0.0,0.0,0.0,0.0,0.0,0.0,0.0,0.0,0.0,0.0
25,3.409532801296604e-05,9.74229657003628e-07,5.49860670313195e-06,5.0429859559802355e-06,2.924905058101891e-06,0.00022804860042450537,1.0094154072193143e-06,4.760680035511581e-07,7.155541276070382e-06,2.0436112326615913e-05,0.0004401237743042499,0.00019840278179474255,8.325420023265025e-06,5.278923832895464e-06,2.8024076269347827e-05,0.00012355103012612648,9.231036564761217e-05,3.2728488033042965e-06,2.331398188588577e-05,0.0003182355563997018,1.6172501109704618e-05,6.7995267052739665e-06,0.0012352733761039473,9.056890747156849e-06,6.607502865473281e-05,0.0004933391929526807,9.074643077521403e-06,8.790264288258265e-07,1.7455566409356723e-06,1.818299534130013e-06,0.0,1.6505554927882694e-05,0.00014846157070378478,0.00014649849890154722,2.0561315689052616e-06,1.293150242603545e-05,0.00021636480628725325,7.666998303592836e-05,9.458237207446773e-06,0.0,1.4348834461848729e-06,3.1618796977106345e-06,6.960785576014671e-06,1.8045119859072683e-05
26,0.0011694694794197671,1.1271919352110976e-05,0.0001901443597930847,1.589475879795297e-05,2.064803962533162e-05,0.00013901978647584898,2.5140983738276386e-06,2.1053071233553194e-06,2.517873040804474e-05,6.82058558452462e-05,0.0018997073390888061,0.0008563664193485672,2.3929351889264398e-05,1.2079032607188946e-05,2.4768204401397525e-05,4.639907969955038e-05,0.0043020049902105645,2.569323808373054e-05,0.00015661312765671284,0.00016363755607589007,0.00019559506804777912,7.62782203346282e-05,0.004538399375345179,8.428768951804257e-06,0.00037586240979153087,0.0062249619282962075,0.00019945223052170614,4.57760292441191e-06,0.00018996469579077275,6.680889691138856e-05,0.0,0.00012588328545061944,0.03971066948699619,0.03815864577937452,0.0030861499278633767,0.006810379255444498,0.0021372394821779243,0.008753725339798603,0.0009482805302662306,0.0,0.000618746674044989,0.006626059505011924,0.00011366894742373458,0.0005002857652691552
27,3.060851432062192e-06,1.406606093766255e-07,2.4055338442712064e-06,2.367553600312132e-06,4.6067598423450434e-06,8.542783988291354e-06,1.5620246162397245e-07,9.298747180510814e-08,4.607942225094405e-06,5.935231079463223e-06,3.0140455089389383e-05,1.3586973672911666e-05,5.618399053757913e-07,4.4807794379030596e-07,3.250920381534974e-06,1.98735241653358e-06,4.7362187389516256e-05,1.659233626684559e-05,5.766139293169936e-06,8.977684086275327e-06,1.5133677400007482e-06,7.419409112146424e-07,0.010573477312630192,1.1529919766391794e-07,1.750340186910254e-05,0.00011822482900746773,5.181006150926046e-06,2.8839821830176526e-08,2.3918146393585774e-06,1.199164266497642e-06,0.0,4.7953496915107105e-06,0.0006022767120840104,0.0005990512519728999,8.94559937434632e-06,2.9768451355822428e-05,0.0013535974279883514,3.378903350689919e-05,8.15654265231276e-06,0.0,3.876773356243117e-06,1.3654460535861694e-05,2.299849408437286e-06,1.695475598668753e-05
28,0.003609631019650717,8.798809377011195e-05,0.001778144168688291,0.0002445157467833489,0.00024009848787670258,0.0016023852338566927,2.080488980203125e-05,4.1548203229220795e-05,0.00039902230161388834,0.0009299923636288644,0.005263203953752272,0.0023725923627467512,0.00037892266712490546,0.0001783442603855289,0.00037963415952763324,0.0005819504783580168,0.005154541870449123,8.801694174456982e-05,0.0009971641348935755,0.0028642035287911333,0.00036577717197137737,0.00017519225045739605,0.006279916412147089,4.392786409169509e-05,0.0032433593754013224,0.01032890256688751,0.00026482167565689566,2.047369844712215e-06,5.17057383500012e-05,9.136582698026606e-05,0.0,0.0006326820335455734,0.001171778142855438,0.0009012893379707447,9.327206519354214e-05,0.0019020507804442244,0.0035701753614269076,0.0017815888333675358,0.0005970515275529937,0.0,9.99999835573375e-05,0.000196362971266751,0.00018549399259712625,0.0008556864588803595
29,0.0008624967273582756,1.3001924396569691e-05,0.00018776176018686107,2.8910148558898337e-05,5.573541750296971e-05,6.766571113148711e-05,7.552155878134871e-07,3.2152919032428917e-06,7.655445374068275e-06,6.931145068443625e-05,0.0001614335399592657,7.277240011295106e-05,1.0500329767404826e-05,2.3105458706575094e-05,5.33262134031239e-06,5.7416855098208015e-05,9.903214867818415e-05,2.993701122796464e-06,5.194734704001463e-05,0.00016468655285812846,3.033874200961854e-05,8.146133885489209e-06,0.0004450063616195382,5.5337531037710586e-05,0.0029384477257171173,0.0053493710637788116,0.001553857944332351,1.2742556364322352e-06,6.328179662743278e-05,0.00017591724629398452,0.0,4.1442410465301844e-05,0.000670600135473336,0.0006288076257748393,2.022574009844185e-05,0.022707373499327443,0.00879966433553553,0.0009892646939242253,0.0006712037779838821,0.0,4.248895781153717e-05,0.00016939889426452953,3.499670768450128e-05,0.0005050130768025457
30,2.3754482004363705e-05,1.5475884437148525e-05,0.00026352066698779155,2.8006788809256492e-06,6.920642330479982e-05,2.4345570891710057e-05,2.5760272202907695e-07,1.830410622125402e-07,2.0690800797091598e-06,3.2833717398126166e-06,0.0001432904721737445,6.45937119140954e-05,2.009424243592813e-06,4.361907091849198e-07,3.900842914776456e-06,4.801033396118093e-06,0.0001446198414638717,1.361843476453049e-06,1.2655138450204878e-05,7.325058504210696e-05,0.0003729287743822756,3.566577447475089e-06,0.0005003322231722966,7.405135757015161e-07,0.00011511980542377549,0.0005464728196981012,0.0001698311328409447,7.121060821757668e-05,0.0011515134158962203,9.906876809081412e-05,0.0,1.8751584218042257e-05,0.0006204708708350686,0.0005909911535281404,1.1826192469694203e-05,0.0042676553773407415,0.003560563269187005,0.0003573403008941789,7.82258222823683e-05,0.0,1.7101039874229896e-05,4.8406732344552626e-05,5.2249894951528596e-05,7.271465331521219e-05
31T33,1.6732076000133572e-06,1.3050965232983686e-06,2.1844978563930455e-05,4.915092324709344e-06,3.652539079540427e-06,2.36973162958259e-05,7.001363751721783e-07,2.2912313716784445e-07,4.294426488896039e-06,6.239416291166942e-06,9.288716575149678e-05,4.187247577629515e-05,3.3226375107799544e-06,1.4356193134411285e-06,1.5373494450687534e-06,6.470366843340285e-06,0.0001358005303340769,1.7534082319749645e-06,1.4366422767518453e-05,1.876032719756951e-05,7.809647320602363e-06,6.608637640410228e-06,9.898521643220239e-05,6.760594735944575e-07,8.793323985548938e-05,0.004060797222934914,1.3371207763368365e-05,2.1107437948618945e-07,4.253497127449848e-06,6.066451362440778e-06,0.0,0.00031046083887121314,0.00048702875864231084,0.00033207846353974487,5.006022777982343e-05,0.0015553370054955514,0.0011996523298598127,0.0006933310276887047,0.0001248996218642031,0.0,7.948883309588729e-05,0.00023726215385333642,5.9698175551992414e-05,0.00021624629625102273
35,0.0,0.0,0.0,0.0,0.0,0.0,0.0,0.0,0.0,0.0,0.0,0.0,0.0,0.0,0.0,0.0,0.0,0.0,0.0,0.0,0.0,0.0,0.0,0.0,0.0,0.0,0.0,0.0,0.0,0.0,0.0,0.0,0.0,0.0,0.0,0.0,0.0,0.0,0.0,0.0,0.0,0.0,0.0,0.0
36T39,0.0,0.0,0.0,0.0,0.0,0.0,0.0,0.0,0.0,0.0,0.0,0.0,0.0,0.0,0.0,0.0,0.0,0.0,0.0,0.0,0.0,0.0,0.0,0.0,0.0,0.0,0.0,0.0,0.0,0.0,0.0,0.0,0.0,0.0,0.0,0.0,0.0,0.0,0.0,0.0,0.0,0.0,0.0,0.0
41T43,0.0015872864287324333,2.045963767011621e-05,0.002457065239629931,0.00016191638992495386,9.908234367867535e-05,0.0007058038911039061,5.975175166807888e-06,1.2789788361679714e-05,7.900154669678277e-05,0.0004445147642843319,0.002617710835872673,0.001180034213312807,8.100497427172414e-05,5.755062244468168e-05,0.00010379709540024971,0.00016334087626815132,0.00328250832798392,3.584688832365301e-05,0.00031333356225595463,0.0007073801253845723,0.00031663932518839316,8.534622581518324e-05,0.030920337923119438,3.444610114338634e-05,0.0007428760334343095,0.019497799100359748,0.001383091264053541,8.444791759033157e-06,0.00019389370012447133,0.00016362648215252927,0.0,0.002238828921222124,0.02096243015143677,0.019652198503463485,0.0025345679292962543,0.008200133278972035,0.03064958244978628,0.00585940883329658,0.0005933388354050612,0.0,0.0027035168407922596,0.009687648169890721,0.0012281247126213642,0.0023809355572535565
45T47,0.001789890811017219,3.617209079000202e-05,0.0008420450851437571,9.629611437223452e-05,0.00011606117687407887,0.0005209004653310063,5.616365872009113e-06,1.1913729946130437e-05,0.00010909383573209378,0.00026595545039468293,0.00199719368521683,0.0009003121532262253,8.595734579763401e-05,5.050592716093854e-05,9.586627069413851e-05,0.00016007721903051815,0.0025401140493637236,3.861561578443039e-05,0.00027532866338187225,0.0009356974836405788,0.00020444481851261573,9.648416702458212e-05,0.005798922114918671,3.297737071192284e-05,0.0014373046287798092,0.009476308630233138,0.0004402884793097561,1.510336852297236e-05,0.0001798169864126574,0.00010946636942371957,0.0,0.000493953038673077,0.015194390380926232,0.01441569096066163,0.0014292272002409208,0.009013907670152588,0.005862769868210588,0.004135244487489871,0.0008287592569481293,0.0,0.00041693508512416136,0.004789339880348498,0.00027960447998981024,0.0007482418931754728
49,6.297189111242998e-05,1.3297742525657928e-06,2.416522263188346e-05,3.4489916710755637e-06,3.6419723248895773e-06,2.2261599393810446e-05,2.745218124183354e-07,5.279476544604322e-07,4.7676584556989325e-06,1.084916882133275e-05,8.3290264381343e-05,3.754630200515947e-05,4.240308051233613e-06,2.1282952819872327e-06,4.568016339104432e-06,8.208649209817886e-06,9.67545590798925e-05,1.540206083344586e-06,1.2870183531014168e-05,4.336010223952959e-05,9.150086957902893e-06,3.304129637723958e-06,0.0001810485436825293,1.192374846855494e-06,6.24204197434808e-05,0.000466123444115547,1.888214355604626e-05,4.1855098433118223e-07,9.010558764176028e-06,4.460795719913588e-06,0.0,2.665757615478205e-05,0.00022610570787698366,0.00020600009941242682,1.877748083544763e-05,0.0004153769809240058,0.00022837659040700212,0.00012906275962486647,2.6676931019041094e-05,0.0,1.4533805407249587e-05,7.32206350844943e-05,1.1045069348449302e-05,3.1025051910811026e-05
50,2.0990630370809995e-05,4.4325808418859755e-07,8.05507421062782e-06,1.1496638903585212e-06,1.2139907749631924e-06,7.420533131270148e-06,9.150727080611178e-08,1.7598255148681073e-07,1.5892194852329775e-06,3.6163896071109167e-06,2.7763421460447673e-05,1.2515434001719826e-05,1.4134360170778711e-06,7.09431760662411e-07,1.5226721130348105e-06,2.7362164032726286e-06,3.22515196932975e-05,5.134020277815287e-07,4.290061177004723e-06,1.4453367413176528e-05,3.0500289859676306e-06,1.1013765459079862e-06,6.034951456084309e-05,3.9745828228516463e-07,2.080680658116027e-05,0.000155374481371849,6.294047852015421e-06,1.3951699477706074e-07,3.003519588058676e-06,1.4869319066378626e-06,0.0,8.88585871826068e-06,7.536856929232789e-05,6.866669980414227e-05,6.259160278482543e-06,0.00013845899364133525,7.612553013566736e-05,4.3020919874955495e-05,8.892310339680363e-06,0.0,4.844601802416528e-06,2.44068783614981e-05,3.681689782816435e-06,1.034168397027034e-05
51,2.0990630370809995e-05,4.4325808418859755e-07,8.05507421062782e-06,1.1496638903585212e-06,1.2139907749631924e-06,7.420533131270148e-06,9.150727080611178e-08,1.7598255148681073e-07,1.5892194852329775e-06,3.6163896071109167e-06,2.7763421460447673e-05,1.2515434001719826e-05,1.4134360170778711e-06,7.09431760662411e-07,1.5226721130348105e-06,2.7362164032726286e-06,3.22515196932975e-05,5.134020277815287e-07,4.290061177004723e-06,1.4453367413176528e-05,3.0500289859676306e-06,1.1013765459079862e-06,6.034951456084309e-05,3.9745828228516463e-07,2.080680658116027e-05,0.000155374481371849,6.294047852015421e-06,1.3951699477706074e-07,3.003519588058676e-06,1.4869319066378626e-06,0.0,8.88585871826068e-06,7.536856929232789e-05,6.866669980414227e-05,6.259160278482543e-06,0.00013845899364133525,7.612553013566736e-05,4.3020919874955495e-05,8.892310339680363e-06,0.0,4.844601802416528e-06,2.44068783614981e-05,3.681689782816435e-06,1.034168397027034e-05
52,4.198126074161999e-05,8.865161683771951e-07,1.611014842125564e-05,2.2993277807170423e-06,2.427981549926385e-06,1.4841066262540296e-05,1.8301454161222356e-07,3.5196510297362145e-07,3.178438970465955e-06,7.2327792142218335e-06,5.5526842920895345e-05,2.5030868003439652e-05,2.8268720341557422e-06,1.418863521324822e-06,3.045344226069621e-06,5.472432806545257e-06,6.4503039386595e-05,1.0268040555630574e-06,8.580122354009446e-06,2.8906734826353057e-05,6.100057971935261e-06,2.2027530918159723e-06,0.00012069902912168619,7.949165645703293e-07,4.161361316232054e-05,0.000310748962743698,1.2588095704030842e-05,2.790339895541215e-07,6.007039176117352e-06,2.9738638132757253e-06,0.0,1.777171743652136e-05,0.00015073713858465579,0.00013733339960828454,1.2518320556965086e-05,0.0002769179872826705,0.00015225106027133472,8.604183974991099e-05,1.7784620679360726e-05,0.0,9.689203604833056e-06,4.88137567229962e-05,7.36337956563287e-06,2.068336794054068e-05
53,0.0,0.0,0.0,0.0,0.0,0.0,0.0,0.0,0.0,0.0,0.0,0.0,0.0,0.0,0.0,0.0,0.0,0.0,0.0,0.0,0.0,0.0,0.0,0.0,0.0,0.0,0.0,0.0,0.0,0.0,0.0,0.0,0.0,0.0,0.0,0.0,0.0,0.0,0.0,0.0,0.0,0.0,0.0,0.0
55T56,0.0,0.0,0.0,0.0,0.0,0.0,0.0,0.0,0.0,0.0,0.0,0.0,0.0,0.0,0.0,0.0,0.0,0.0,0.0,0.0,0.0,0.0,0.0,0.0,0.0,0.0,0.0,0.0,0.0,0.0,0.0,0.0,0.0,0.0,0.0,0.0,0.0,0.0,0.0,0.0,0.0,0.0,0.0,0.0
58T60,6.75539525601857e-06,1.7701534075613976e-06,0.00024282695277325344,6.174762938454279e-06,1.3963719740475918e-05,0.0001490666795404512,2.670557047102018e-06,1.6818091025800078e-06,3.0916848361656803e-05,9.672343140237411e-05,0.0006690694039109349,0.0003016088625512768,2.8396321272181775e-05,8.68860985037902e-06,1.2949169514526203e-05,3.684484185021726e-05,0.0011100961142704062,1.569456645156706e-05,0.0001276254325022556,0.00019974183593278065,0.0001095429399855003,5.7015193189897695e-05,0.0013132398485964428,3.8047141578940134e-06,0.0002668100615761526,0.004541757265799139,6.994209117313385e-05,3.2736951655283887e-06,4.8653423655715635e-05,4.587812244583967e-05,0.0,7.880051237353332e-05,0.006890332161497315,0.0060548930796834,0.0014072309099858276,0.0082596116343511,0.000595338684686953,0.0037359393281246015,0.0007663634288128551,0.0,0.0001676486756386152,0.001081950030202773,4.711744165065696e-05,0.00029093648865300006
61,2.1911623774516882e-07,8.686877903511457e-08,3.3536821483018485e-06,1.837801931605572e-07,4.882495571074811e-07,1.2897944702700699e-06,3.770566562079411e-08,2.2489518883159716e-08,2.646907679653102e-07,9.336425530380233e-07,1.3708707317060613e-05,6.179729033757184e-06,3.0865767997494536e-07,1.446018979481797e-07,4.270732064697931e-07,5.138329743865596e-07,5.1183448314576076e-05,2.470701864041816e-07,1.5261102351815199e-06,1.952520729244648e-06,2.2509310440323942e-06,6.015054372331561e-07,2.7706010748126095e-05,2.215781414157184e-07,6.115211960191209e-06,0.00010017956698739302,3.7275693654686018e-06,1.479796507228604e-07,4.989234950458564e-06,1.2579159470184488e-06,0.0,2.6221412756794815e-06,0.0018766759215932314,0.0018534221557091645,4.92748747865022e-05,0.00011849719453844089,2.8391720346577048e-05,8.310089851646857e-05,1.843460382286631e-05,0.0,6.309644050573798e-06,1.4056178539089793e-05,2.759662020322142e-06,9.568985686062035e-06
62T63,0.0,0.0,0.0,0.0,0.0,0.0,0.0,0.0,0.0,0.0,0.0,0.0,0.0,0.0,0.0,0.0,0.0,0.0,0.0,0.0,0.0,0.0,0.0,0.0,0.0,0.0,0.0,0.0,0.0,0.0,0.0,0.0,0.0,0.0,0.0,0.0,0.0,0.0,0.0,0.0,0.0,0.0,0.0,0.0
64T66,0.0,0.0,0.0,0.0,0.0,0.0,0.0,0.0,0.0,0.0,0.0,0.0,0.0,0.0,0.0,0.0,0.0,0.0,0.0,0.0,0.0,0.0,0.0,0.0,0.0,0.0,0.0,0.0,0.0,0.0,0.0,0.0,0.0,0.0,0.0,0.0,0.003858824807381722,0.0,0.0,0.0,0.0,0.0,0.0,0.0
68,0.0,0.0,0.0,0.0,0.0,0.0,0.0,0.0,0.0,0.0,0.0,0.0,0.0,0.0,0.0,0.0,0.0,0.0,0.0,0.0,0.0,0.0,0.0,0.0,0.0,0.0,0.0,0.0,0.0,0.0,0.0,0.0,0.0,0.0,0.0,0.0,0.00035455267227329514,0.0,0.0,0.0,0.0,0.0,0.0,0.0
69T75,0.00033140594408986694,8.233144465860995e-06,0.001338244417169622,4.85649691477519e-05,4.626168493306149e-05,0.0010227565031120892,1.9753676773796667e-05,8.020871629556627e-06,0.00019855317025801078,0.0011470532822171503,0.03775035003979983,0.01701742759400224,0.00023775722681329892,0.00023088596124313347,0.00024912633795442444,0.00045366779358941943,0.056616920241411996,0.00028822368908718396,0.0019985800314941665,0.00637377233187062,0.003383222523577424,0.0005628577209175478,0.003101402194868857,1.5692380704758532e-05,0.0007143014137785589,0.014441923219651065,0.00013378801481835013,3.2084916932962313e-06,0.00010344620406536892,8.431157190063248e-05,0.0,0.00021468250745579977,0.03072023604145594,0.013731382423671995,0.01028766576377201,0.013038118356378501,0.0014161060995237674,0.043086458382627764,0.0028429380090997164,0.0,0.0014979021602960674,0.003337199570700283,0.00010829424818368036,0.0015041623989000524
77T82,0.0,0.0,0.0,0.0,0.0,0.0,0.0,0.0,0.0,0.0,0.0,0.0,0.0,0.0,0.0,0.0,0.0,0.0,0.0,0.0,0.0,0.0,0.0,0.0,0.0,0.0,0.0,0.0,0.0,0.0,0.0,0.0,0.0,0.0,0.0,0.0,0.0,0.0,0.0,0.0,0.0,0.0,0.0,0.0
84,0.0,0.0,0.0,0.0,0.0,0.0,0.0,0.0,0.0,0.0,0.0,0.0,0.0,0.0,0.0,0.0,0.0,0.0,0.0,0.0,0.0,0.0,0.0,0.0,0.0,0.0,0.0,0.0,0.0,0.0,0.0,0.0,0.0,0.0,0.0,0.0,0.0,0.0,0.0,0.0,0.0,0.0,0.0,0.0
85,0.0,0.0,0.0,0.0,0.0,0.0,0.0,0.0,0.0,0.0,0.0,0.0,0.0,0.0,0.0,0.0,0.0,0.0,0.0,0.0,0.0,0.0,0.0,0.0,0.0,0.0,0.0,0.0,0.0,0.0,0.0,0.0,0.0,0.0,0.0,0.0,0.0,0.0,0.0,0.0,0.0,0.0,0.0,0.0
86T88,0.0,0.0,0.0,0.0,0.0,0.0,0.0,0.0,0.0,0.0,0.0,0.0,0.0,0.0,0.0,0.0,0.0,0.0,0.0,0.0,0.0,0.0,0.0,0.0,0.0,0.0,0.0,0.0,0.0,0.0,0.0,0.0,0.0,0.0,0.0,0.0,0.0,0.0,0.0,0.0,0.0,0.0,0.0,0.0
90T93,0.0,0.0,0.0,0.0,0.0,0.0,0.0,0.0,0.0,0.0,0.0,0.0,0.0,0.0,0.0,0.0,0.0,0.0,0.0,0.0,0.0,0.0,0.0,0.0,0.0,0.0,0.0,0.0,0.0,0.0,0.0,0.0,0.009963687835860352,0.0060731526450340904,0.0,0.0,0.0,0.0002254835103951017,0.0,0.0,0.0,0.0,0.0003020339260757175,0.0
94T96,0.0,0.0,0.0,0.0,0.0,0.0,0.0,0.0,0.0,0.0,0.0,0.0,0.0,0.0,0.0,0.0,0.0,0.0,0.0,0.0,0.0,0.0,0.0,0.0,0.0,0.0,0.0,0.0,0.0,0.0,0.0,0.0,0.0,0.0,0.0,0.0,0.0,0.0,0.0,0.0,0.0,0.0,0.0,0.0
