,Commodities/Industries,111CA,113FF,211,212,213,22,23,321,327,331,332,333,334,335,3361MV,3364OT,337,339,311FT,313TT,315AL,322,323,324,325,326,42,441,445,452,4A0,481,482,483,484,485,486,487OS,493,511,512,513,514,521CI,523,524,525,HS,ORE,532RL,5411,5415,5412OP,55,561,562,61,621,622,623,624,711AS,713,721,722,81,GFGD,GFGN,GFE,GSLG,GSLE,,F010,F02S,F02E,F02N,F02R,F030,F040,F050,F06C,F06S,F06E,F06N,F07C,F07S,F07E,F07N,F10C,F10S,F10E,F10N,,
,Name,Farms,"Forestry, fishing, and related activities",Oil and gas extraction,"Mining, except oil and gas",Support activities for mining,Utilities,Construction,Wood products,Nonmetallic mineral products,Primary metals,Fabricated metal products,Machinery,Computer and electronic products,"Electrical equipment, appliances, and components","Motor vehicles, bodies and trailers, and parts",Other transportation equipment,Furniture and related products,Miscellaneous manufacturing,Food and beverage and tobacco products,Textile mills and textile product mills,Apparel and leather and allied products,Paper products,Printing and related support activities,Petroleum and coal products,Chemical products,Plastics and rubber products,Wholesale trade,Motor vehicle and parts dealers,Food and beverage stores,General merchandise stores,Other retail,Air transportation,Rail transportation,Water transportation,Truck transportation,Transit and ground passenger transportation,Pipeline transportation,Other transportation and support activities,Warehousing and storage,"Publishing industries, except internet (includes software)",Motion picture and sound recording industries,Broadcasting and telecommunications,"Data processing, internet publishing, and other information services","Federal Reserve banks, credit intermediation, and related activities","Securities, commodity contracts, and investments",Insurance carriers and related activities,"Funds, trusts, and other financial vehicles",Housing,Other real estate,Rental and leasing services and lessors of intangible assets,Legal services,Computer systems design and related services,"Miscellaneous professional, scientific, and technical services",Management of companies and enterprises,Administrative and support services,Waste management and remediation services,Educational services,Ambulatory health care services,Hospitals,Nursing and residential care facilities,Social assistance,"Performing arts, spectator sports, museums, and related activities","Amusements, gambling, and recreation industries",Accommodation,Food services and drinking places,"Other services, except government",Federal general government (defense),Federal general government (nondefense),Federal government enterprises,State and local general government,State and local government enterprises,Total Intermediate,Personal consumption expenditures,Nonresidential private fixed investment in structures,Nonresidential private fixed investment in equipment,Nonresidential private fixed investment in intellectual property products,Residential private fixed investment,Change in private inventories,Exports of goods and services,Imports of goods and services,Federal national defense: Consumption expenditures,Federal national defense: Gross investment in structures,Federal national defense: Gross investment in equipment,Federal national defense: Gross investment in intellectual property products,Federal national nondefense: Consumption expenditures,Federal national nondefense: Gross investment in structures,Federal national nondefense: Gross investment in equipment,Federal national nondefense: Gross investment in intellectual property products,State and local: Consumption expenditures,State and local: Gross investment in structures,State and local: Gross investment in equipment,State and local: Gross investment in intellectual property products,Total Final Uses (GDP),Total Commodity Output
111CA,Farms,82371,319,---,45,19,---,2876,---,---,---,---,---,---,---,---,---,---,98,248140,1816,---,---,---,---,7642,---,15,192,135,3,246,---,---,---,---,---,---,102,---,---,---,---,---,0,---,---,---,3,2,---,1,0,1191,50,712,---,131,---,---,---,---,---,534,38,2802,17,5,444,---,1967,---,351916,103616,---,---,---,---,-5724,61882,-50950,---,---,---,---,---,---,---,---,---,---,---,---,108824,460740
113FF,"Forestry, fishing, and related activities",24562,8909,---,66,---,---,---,14642,1,---,---,---,---,---,---,---,69,241,7778,---,247,6884,53,23,422,1911,---,---,1096,---,---,---,---,---,---,---,---,15,---,---,---,---,---,---,---,---,---,---,---,---,---,---,349,20,4,---,91,---,---,---,---,---,273,468,6157,231,---,---,19,3756,---,78289,9721,---,---,---,---,-422,5590,-23339,---,---,---,---,---,---,---,---,---,---,---,---,-8450,69838
211,Oil and gas extraction,---,---,50693,7,1,32311,---,1,0,16,0,0,---,---,0,---,---,---,1,---,---,1,0,335865,3645,2,30,6,5,2,19,---,---,---,---,---,11,---,2,1,0,1,---,---,---,---,---,---,---,---,---,0,10,39,3,4,3,3,12,2,2,1,10,33,92,5,---,---,608,---,19082,442530,---,---,---,---,---,1031,89297,-146612,---,---,---,---,---,---,---,---,---,---,---,---,-56285,386246
212,"Mining, except oil and gas",1604,0,58,7199,33,6298,22110,1,7286,11499,676,153,1,119,60,60,11,156,466,18,---,359,---,1349,3804,26,22,---,---,---,5,---,141,---,5,0,---,4,1,40,29,224,1077,---,---,---,---,452,---,---,---,---,1300,34,700,94,396,---,27,36,13,234,420,57,272,737,---,599,---,1712,3362,75340,29,---,40,---,---,-500,13609,-3082,---,---,---,---,---,---,---,---,---,---,---,---,10096,85436
213,Support activities for mining,---,---,8699,1676,1042,---,---,---,---,---,---,---,---,---,---,---,---,---,---,---,---,---,---,---,---,---,---,---,---,---,---,---,---,---,---,---,---,---,---,---,---,---,---,---,---,---,---,---,---,---,---,---,67,4,---,---,---,---,---,---,---,---,---,---,---,---,---,---,---,---,---,11487,---,78012,1917,---,---,-10,1822,-1610,---,---,---,---,---,---,---,---,---,---,---,---,80131,91619
22,Utilities,4982,111,7852,2811,89,42391,7645,1022,3271,4579,3526,1720,417,585,2605,556,447,834,7930,953,127,4110,1287,7625,12034,4250,22971,4170,11926,7260,27683,63,125,93,2733,83,1134,1178,15215,508,335,3435,3101,1647,993,783,1852,20,142119,2271,536,253,4834,12880,3347,538,5262,2288,9466,1582,1176,428,1379,5902,32635,3847,1719,1288,880,30381,3017,499094,306712,---,---,---,---,---,3573,-2861,---,---,---,---,---,---,---,---,---,---,---,---,307425,806518
23,Construction,1657,29,1280,1292,664,8097,275,97,301,335,421,284,41,76,383,81,56,118,874,64,17,481,154,7284,1020,369,2351,546,578,587,3675,252,2647,0,358,265,515,2321,835,42,20,2402,282,3322,1702,642,260,77838,100437,363,97,21,782,612,500,31,124,187,647,140,197,63,230,654,2096,3526,7659,3205,650,33778,61375,344569,---,499971,---,---,839808,---,115,---,---,11093,---,---,---,13791,---,---,---,342308,---,---,1707085,2051653
321,Wood products,480,49,---,413,232,---,61701,31022,397,551,397,717,536,773,3801,321,9091,1983,507,64,15,7670,5,---,421,1903,6136,123,1094,162,2118,---,3381,---,140,---,2,118,392,69,137,1241,2166,57,6,12,---,1218,8907,445,19,15,940,7,665,25,37,364,345,4,817,9,147,704,1593,585,5,18,1,5143,187,162604,6657,70,---,---,10926,219,5270,-36420,---,---,---,---,---,---,27,---,---,---,---,---,-13252,149353
327,Nonmetallic mineral products,7,11,1941,392,587,82,80665,710,15768,1814,1197,1575,153,1477,8932,370,329,743,4994,182,---,306,2,1407,1639,1701,100,358,88,1,1390,---,20,---,38,---,0,51,289,4,5,2388,1210,26,55,16,---,1506,104,370,3,64,4310,55,1109,250,57,1852,1853,129,312,11,64,104,3003,1493,24,351,---,1486,2129,153660,13890,---,---,---,---,409,7579,-32417,---,---,---,---,---,---,---,---,---,---,---,---,-10539,143121
331,Primary metals,133,---,8839,656,336,6,7399,523,1589,79217,83184,36924,2764,18561,55301,8832,4927,10970,6030,222,---,1028,40,75,71,1615,1155,6,---,---,44,---,1021,---,---,---,---,567,---,23,15,268,904,---,---,1,---,13,3525,152,---,1,2230,73,584,512,130,58,32,14,301,14,186,12,250,355,125,538,---,126,619,343096,1844,---,---,---,---,-5379,29433,-107865,---,---,---,---,---,---,---,---,---,---,---,---,-81967,261129
332,Fabricated metal products,2129,128,9312,998,589,567,109544,2527,3660,4295,37819,27958,2941,9205,45963,11215,3254,6083,17234,800,463,6153,1676,762,10144,7241,4044,499,264,110,2958,205,556,812,1411,198,765,1062,666,917,71,10774,3157,115,218,6,25,372,2626,1402,55,1149,6811,1471,3489,2870,702,251,1252,29,1798,19,352,1301,4770,2784,5639,1134,499,3535,4737,400535,28489,---,14295,---,---,-3661,28799,-88626,---,---,405,---,---,---,7,---,---,---,36,---,-20254,380281
333,Machinery,3436,158,11147,4229,4217,1218,43172,425,172,762,4071,35606,235,2250,26630,3962,76,1094,4979,39,2,1110,1803,140,4053,1761,2487,145,208,168,1339,1,71,12,163,119,24,4709,593,116,56,1440,1308,5,53,691,---,162,511,668,36,1393,3487,523,3991,4048,2659,999,634,183,152,23,127,61,1096,6903,658,215,59,5766,1789,206599,14691,---,267151,---,---,3305,99889,-205834,---,---,1445,---,---,---,5,---,---,---,5622,---,186275,392875
334,Computer and electronic products,49,0,35,15,83,114,6313,813,1584,1776,5814,10284,17422,4626,26714,11559,1191,3392,2714,857,189,1244,2674,559,6312,2839,14897,1047,444,432,1985,3,59,1,219,4,2,146,370,3457,1533,21097,8414,302,1343,49,681,960,680,290,1668,6775,12070,11509,4574,655,1016,9863,702,159,446,24,164,212,130,8277,26919,4548,1,2599,1296,261192,130329,---,221082,---,345,6988,95799,-396082,---,---,7977,---,---,---,240,---,---,---,1582,---,68260,329452
335,"Electrical equipment, appliances, and components",5638,185,154,90,641,20,49334,2361,190,1429,2952,15841,1186,11459,8735,1532,90,1299,960,75,12,520,156,125,1025,1537,1541,299,119,1200,749,1,348,26,60,78,1,37,131,3,---,6882,585,74,89,16,---,323,1601,265,0,1549,6640,110,2526,991,968,16,491,849,496,35,243,523,1050,5912,2234,2424,51,1138,3974,154197,55924,---,39613,---,6419,1675,27906,-146546,---,---,355,---,---,---,5,---,---,---,605,---,-14044,140153
3361MV,"Motor vehicles, bodies and trailers, and parts",886,92,1012,489,176,29,2005,567,512,471,863,10946,165,285,221607,2728,255,372,1927,52,2,843,182,171,894,412,8293,2268,1248,162,5517,---,49,---,3166,264,0,197,3785,189,87,695,243,27,13,---,---,---,---,1024,---,32,3545,990,7484,1335,340,403,1022,107,1656,197,92,133,973,12627,4167,71,816,7183,626,318973,318347,---,265590,---,---,-15907,88850,-315011,---,---,29165,---,---,---,7947,---,---,---,18710,---,397691,716664
3364OT,Other transportation equipment,---,57,---,7,---,---,1,17,---,---,76,174,---,---,341,56611,---,---,---,---,---,---,---,---,---,---,10,---,---,---,---,658,1540,1546,0,44,---,2601,---,---,---,9,---,---,---,---,---,---,---,---,---,---,678,2,207,116,---,---,---,---,0,---,0,---,---,420,62395,2336,3,0,123,129972,29483,---,47463,---,---,-10665,73467,-40876,---,---,35265,---,---,---,250,---,---,---,1412,---,135800,265772
337,Furniture and related products,0,---,---,---,---,---,17592,156,1,---,---,145,21,1,22,80,2944,53,---,---,---,1,---,---,---,201,638,193,---,---,1958,---,---,0,---,---,---,2,---,1,---,149,473,---,---,---,---,3908,71,---,18,2,454,3,3,---,---,380,69,1,94,57,83,2,340,181,---,---,1047,---,40,31380,81699,---,27697,---,712,-468,3352,-62909,---,---,0,---,---,---,0,---,---,---,229,---,50312,81693
339,Miscellaneous manufacturing,40,2,47,26,11,---,775,8,104,27,47,2017,1,526,1546,47,6,6699,6,144,182,0,6,0,256,121,737,231,99,2,925,0,1,---,5,8,0,238,357,3,4,132,100,50,72,16,---,2,144,39,37,3,3128,15,1819,413,307,16717,14817,1215,1903,2,137,24,475,990,339,690,---,16205,89,75135,143524,---,57057,---,---,5145,29903,-141843,---,---,10,---,---,---,1,---,---,---,426,---,94222,169357
311FT,Food and beverage and tobacco products,34066,235,---,---,---,---,---,34,252,6,---,---,---,---,---,---,---,8,173601,5,883,1109,860,500,3830,177,2680,---,738,200,0,755,1,338,65,---,---,75,---,42,5,---,154,---,---,---,---,---,---,---,---,---,5112,35,---,---,5220,3,7485,4894,10553,628,3441,3935,67680,2121,2139,94,506,63008,---,397471,717357,---,---,---,---,1881,73488,-127016,---,---,---,---,---,---,---,---,---,---,---,---,665709,1063181
313TT,Textile mills and textile product mills,20,13,---,1,---,---,1730,394,384,---,---,1066,0,0,2551,338,2521,2118,73,7093,4179,3589,370,86,4,2103,2881,62,118,4797,2149,---,---,24,10,---,1,41,1,3,192,6,5,---,---,---,---,8,127,115,---,---,361,9,261,146,47,103,626,2605,1397,0,88,1897,481,311,462,282,2,2242,19,50512,30517,---,963,---,768,1708,7865,-44591,---,---,---,---,---,---,0,---,---,---,0,---,-2769,47743
315AL,Apparel and leather and allied products,46,---,---,---,---,0,---,---,0,---,---,---,---,---,1223,---,---,128,8,31,1191,---,39,4,---,0,479,8,0,145,119,---,---,---,---,---,---,---,---,---,0,5,0,---,---,---,---,---,---,0,---,---,22,0,146,82,2,2,9,---,0,18,12,3,0,500,18,8,141,1530,30,5952,178571,---,---,---,---,3206,4347,-164835,---,---,---,---,---,---,---,---,---,---,---,---,21289,27241
322,Paper products,419,0,142,174,43,37,4430,527,1563,1090,2352,1842,216,1075,3429,499,1104,2192,30637,501,125,33936,5889,327,6188,4507,8604,150,1455,358,3049,28,104,3,195,1681,13,4729,476,1197,170,877,375,689,813,306,4,31,1403,709,691,360,5449,1415,3527,332,295,1005,2514,1015,1120,50,167,2027,4219,1255,138,1414,37,13055,39,170783,22908,---,---,---,---,1319,21663,-27161,---,---,---,---,---,---,---,---,---,---,---,---,18728,189510
323,Printing and related support activities,10,---,6,1,---,3,48,2,---,---,0,3,---,0,3,---,---,---,82,---,16,---,1005,1,156,---,7980,104,174,124,6065,10,8,---,640,39,1,303,8,5953,824,263,4600,587,1264,1756,---,---,122,232,725,187,6645,1147,2905,14,805,1176,1849,102,1112,400,194,420,599,2028,328,739,6,9457,525,63752,3206,---,---,---,---,2363,2190,-3029,---,---,---,---,---,---,---,---,---,---,---,---,4730,68482
324,Petroleum and coal products,7000,379,7199,3102,1704,28668,54186,655,506,1310,640,953,80,1449,480,109,239,616,2981,84,31,1373,878,22642,9195,829,5724,898,668,152,2028,18796,6216,1796,20104,1156,71,17694,174,277,135,728,441,4247,5933,49,464,250,6810,1942,56,886,2371,1580,6757,1607,771,867,4064,673,763,112,1070,985,4129,3283,12386,858,1761,106269,13588,408877,180272,---,---,---,---,-3274,106680,-69387,---,---,---,---,---,---,---,---,---,---,---,---,214292,623168
325,Chemical products,27211,1882,9824,2606,1018,2974,16814,1681,4727,1573,7433,3406,1096,2186,9059,1191,1515,5826,9532,9607,407,11486,5881,13332,191049,59285,3192,286,213,36,3381,1,234,3,210,8,1,76,899,287,243,760,1391,32,109,14,---,430,15225,449,102,125,25009,1779,10891,1251,835,44163,21574,3817,1006,546,729,389,1501,4100,2122,2188,85,39157,2817,594266,337833,---,3054,---,---,-5542,178087,-324629,---,---,---,---,---,---,---,---,---,---,---,---,188804,783070
326,Plastics and rubber products,1840,97,112,753,515,21,35446,576,1324,548,2550,5868,548,1589,27319,2467,3543,4911,21070,379,352,3265,707,465,9978,17163,17153,1344,2353,456,8139,28,6,0,573,24,39,2941,620,385,194,4555,960,47,140,448,0,772,499,1591,55,652,7339,192,2220,380,896,8334,4192,1445,833,29,189,151,7656,3953,1358,617,16,12645,2350,242174,45513,---,361,---,78,741,26174,-76609,---,---,---,---,---,---,0,---,---,---,---,---,-3742,238432
42,Wholesale trade,46476,3277,11318,4394,3242,10482,112898,12956,6796,30653,22104,32492,5872,11115,73410,10804,6246,11496,75119,3018,2412,14788,3756,19792,53979,16825,73508,4071,2396,3645,36132,2869,3928,931,10155,798,198,7519,3221,5769,379,14156,4191,1940,3258,619,445,1657,8497,17265,1175,3073,25127,7211,12430,3072,5022,29416,18060,5169,4733,555,2408,3796,25634,13099,19336,4115,1515,55945,9749,1063904,703676,11,231952,35201,4278,9393,226960,89101,---,---,18646,554,---,---,4378,664,---,---,11506,1964,1338285,2402189
441,Motor vehicle and parts dealers,7,1,325,172,96,26,2755,149,293,145,371,3026,41,1,2558,1152,115,228,1039,32,1,416,102,1,564,180,35,1204,730,79,3054,0,16,---,1144,6,0,14,103,94,49,60,2,16,8,21,---,30,528,538,0,17,1217,---,2023,68,---,---,---,---,---,6,25,46,120,6667,---,---,0,---,1,31718,208784,---,41763,---,15,---,---,---,---,---,---,---,---,---,---,---,---,---,---,---,250562,282280
445,Food and beverage stores,77,0,1,0,0,165,554,0,26,0,1,4,0,1,9,0,4,1,9,0,0,2,50,3,117,2,49,12,9,2,43,0,12,---,444,22,0,39,0,1,1,0,12,6,8,1,---,64,111,8,2,2,29,---,384,1,9,8,8,1,3,0,1,60,3150,70,0,1,0,22,0,5622,262117,---,128,---,11,---,---,---,---,---,---,---,---,---,---,---,---,---,---,---,262255,267877
452,General merchandise stores,118,1,33,11,6,250,3044,11,64,10,37,214,4,9,225,69,54,19,157,5,0,42,299,16,409,25,289,119,96,15,431,0,19,---,715,32,1,60,7,13,9,5,71,34,48,9,---,506,465,58,25,12,308,---,873,9,71,65,48,6,22,3,7,355,1490,810,1,28,0,324,0,12593,254972,---,3698,680,644,---,---,---,---,---,---,---,---,---,---,---,---,---,---,---,259995,272588
4A0,Other retail,1570,0,207,138,20,3755,102105,103,81,41,225,967,26,91,1196,239,503,103,1175,43,4,261,1653,322,3236,156,1600,2661,506,896,3581,3,249,501,10817,436,5,1295,29,94,42,29,393,190,270,47,---,4806,2376,213,226,71,2097,---,1683,43,297,518,284,55,170,59,99,1984,17135,4506,13,320,1,3642,0,182461,1093048,---,47052,17567,9828,---,---,---,---,---,---,---,---,---,---,---,---,---,---,---,1167495,1349957
481,Air transportation,287,2,30,23,113,669,422,84,225,136,341,273,30,41,298,145,80,158,785,38,19,136,150,160,340,300,4396,85,45,68,538,203,19,201,1269,14,9,1227,64,464,305,1043,1801,1114,2515,351,193,42,5761,725,940,1484,4558,269,6277,419,413,1995,304,243,396,87,239,137,906,794,1903,1386,317,2557,63,53425,121389,---,625,99,5,20,21253,-14813,---,---,43,2,---,---,3,2,---,---,14,6,128646,182071
482,Rail transportation,2491,63,815,386,118,3431,3160,915,1889,2529,970,505,45,295,1432,255,318,300,6883,83,12,2360,176,1795,4704,1891,345,30,63,23,152,101,377,11,3910,20,13,544,29,35,9,192,69,59,85,94,3,105,377,76,47,28,814,47,524,62,56,476,246,89,107,11,55,85,776,168,207,404,373,2511,1838,53465,8435,---,2632,---,28,-557,15023,545,---,---,1100,---,---,---,295,---,---,---,708,---,28209,81674
483,Water transportation,572,19,861,151,40,514,1222,6,288,451,126,59,10,74,81,23,13,43,893,27,1,110,1,87,642,160,540,9,5,1,22,13,13,1,18,1,13,16,1,1,1,30,12,3,4,0,0,21,73,7,0,4,442,32,115,22,10,177,111,11,11,2,10,8,58,38,1682,184,433,834,283,11745,12231,---,6,0,0,-42,6371,14587,---,---,3,0,---,---,0,0,---,---,0,---,33157,44902
484,Truck transportation,10645,682,2356,1640,473,5252,34600,3206,4449,8178,5339,4812,875,1807,10704,1952,1632,1836,41846,1004,429,4138,832,9755,8009,3528,7426,1534,1612,1663,7443,1299,612,145,5577,168,59,4486,405,884,210,1719,1723,207,329,186,24,714,1572,492,245,416,6036,1001,2443,590,723,2234,1964,668,988,171,870,639,4101,2360,3249,647,486,9204,1499,251001,130225,4,28750,1706,804,1107,44051,6326,---,---,882,27,---,---,229,32,---,---,836,95,215073,466074
485,Transit and ground passenger transportation,---,3,2,5,39,1088,504,30,65,42,117,84,6,7,51,33,27,68,152,7,5,42,54,57,68,85,630,40,5,15,113,1,463,---,---,---,3,149,6,198,109,908,1050,647,1133,851,80,161,2854,520,637,769,4618,129,3718,163,289,1520,1725,611,138,1672,64,79,465,388,15,3,9,16327,440,46354,33405,---,---,---,---,---,---,---,---,---,---,---,---,---,---,---,---,---,---,---,33405,79759
486,Pipeline transportation,144,7,9786,47,20,11868,518,6,6,7,7,11,1,3,3,1,2,4,21,3,0,22,14,15568,260,10,87,11,9,2,26,294,96,28,313,18,1,276,3,4,2,7,6,66,93,1,7,4,83,28,1,14,27,25,95,22,11,9,63,7,9,2,16,14,60,42,193,14,232,1617,6949,49227,2774,---,---,---,---,-100,15368,---,---,---,---,---,---,---,---,---,---,---,---,---,18043,67269
487OS,Other transportation and support activities,---,127,66,1782,4,12188,---,853,1510,142,164,19,---,3,8,---,353,285,805,96,---,745,468,1955,228,660,58878,2010,1083,718,20530,20762,1955,3238,65066,378,1069,44374,1698,2049,1428,358,7014,195,3335,470,---,---,---,2601,1148,578,20090,632,4515,2475,501,2050,3407,416,1264,541,574,97,633,2584,0,114,856,817,5488,310452,32877,---,---,---,---,---,15285,5187,---,---,---,---,---,---,---,---,---,---,---,---,53349,363801
493,Warehousing and storage,306,---,11,285,---,558,---,3579,2257,129,1717,635,1515,71,223,117,125,681,4041,1723,624,3716,1829,4148,3026,5938,28449,7696,10436,12701,39286,13,2,510,17998,96,57,1895,13731,704,301,870,1366,---,---,73,---,1,94,448,232,125,1328,5,3282,121,70,460,944,137,248,135,107,132,2711,1037,100,262,---,3704,118,189238,106,---,---,---,---,---,180,---,---,---,---,---,---,---,---,---,---,---,---,---,286,189525
511,"Publishing industries, except internet (includes software)",44,1,38,0,1,269,809,2,1,5,36,33,6,1,9,43,6,30,7,---,0,5,45,4,24,10,2412,232,93,152,994,6,73,---,91,5,---,516,156,13603,78,1098,2874,212,1129,187,31,68,402,306,1329,1221,5505,2770,3131,14,847,1374,1422,103,739,24,79,88,109,840,1505,1313,124,8460,149,57290,128536,---,---,164105,---,6059,35828,-4591,---,---,---,2429,---,---,---,2916,---,---,---,8627,343909,401198
512,Motion picture and sound recording industries,---,---,---,---,---,---,---,---,---,---,---,---,---,---,---,---,---,---,---,---,---,---,---,---,---,---,30,555,328,---,4,4,---,---,10,---,306,37,---,71,21864,55605,22,12,39,---,---,---,179,353,15,27,3946,242,117,---,3204,55,22,1863,1953,93,72,2065,3100,896,1776,544,5,1130,---,100546,13483,---,---,41899,---,416,17313,-10765,---,---,---,---,---,---,---,---,---,---,---,---,62346,162891
513,Broadcasting and telecommunications,351,19,1129,150,270,1662,7683,131,267,157,618,529,79,96,276,150,105,360,723,62,38,221,292,350,452,399,19011,1864,821,669,13151,258,128,84,7284,647,945,5322,669,3372,573,114937,10918,4790,6739,5231,759,2903,17077,1858,5189,4126,17619,5924,18470,810,2337,5906,4025,850,1325,319,1125,1458,6617,6057,3389,4639,314,42533,807,370417,356215,---,7146,31482,---,---,10164,-160,---,---,---,---,---,---,---,---,---,---,---,---,404847,775264
514,"Data processing, internet publishing, and other information services",---,0,72,5,6,2580,1549,709,761,880,2299,1351,375,233,717,558,480,889,1313,232,129,853,391,774,603,1197,5740,2496,1602,1282,9168,125,1,---,435,52,88,1774,216,3141,267,6080,25593,5085,4406,2079,1123,72,1160,7450,4712,3549,26121,8985,37471,1184,6223,2258,4862,387,1882,551,743,616,5092,9147,11559,7246,252,17146,2234,250615,130120,---,---,19341,---,---,5813,-1796,---,---,---,732,---,---,---,651,---,---,---,2290,157150,407766
521CI,"Federal Reserve banks, credit intermediation, and related activities",1186,62,3000,499,720,11961,10313,214,921,657,1205,1089,81,264,762,460,379,665,3105,198,164,321,295,583,911,1098,24075,2185,3271,3798,20385,1826,5441,502,11118,7253,423,3255,1181,2006,1871,5199,2882,24301,47142,11955,3152,125140,78325,24280,4544,3530,31191,15745,15594,412,1901,9992,2093,2262,1727,421,1519,596,4349,15389,---,46,1948,3614,10349,579300,335078,---,---,---,---,---,75475,-46,---,---,---,---,---,---,---,---,---,---,---,---,410507,989808
523,"Securities, commodity contracts, and investments",232,34,356,1457,6596,1049,3432,35,87,938,1534,1427,50,229,1036,518,394,851,223,16,9,37,51,107,47,109,2936,243,292,157,1373,4691,1034,7208,2315,1106,285,4909,68,489,623,709,275,22479,71535,8135,143201,68,8249,1492,1286,557,4931,12076,3554,82,331,1832,13409,526,3008,339,135,165,9096,19202,---,0,75,1542,3189,380058,310892,---,---,---,---,---,96372,-58,---,---,---,---,---,---,---,---,---,---,---,---,407207,787265
524,Insurance carriers and related activities,2722,564,10081,1068,1264,1297,910,150,991,414,672,1124,199,622,1133,1321,330,560,2652,331,306,288,89,326,1638,482,33792,2407,1512,1514,9472,349,39,438,11374,2194,574,3348,2103,588,2061,2444,1470,5278,18917,519316,7405,15057,60517,4809,4384,1335,11896,229,12686,1444,2198,6199,74380,1445,4970,1469,1679,1101,4738,6420,---,109384,419,1955,10882,997728,437741,---,---,---,2538,---,23298,-58401,---,---,---,---,---,---,---,---,---,---,---,---,405175,1402903
525,"Funds, trusts, and other financial vehicles",---,---,---,---,---,---,---,---,---,---,---,---,---,---,---,---,---,---,---,---,---,---,---,---,---,---,---,---,---,---,---,---,---,---,---,---,---,---,---,---,---,---,---,---,---,14796,16835,---,---,---,---,---,---,55,---,---,---,---,---,---,---,---,---,---,---,---,---,---,---,---,---,31686,191127,---,---,---,---,---,---,---,---,---,---,---,---,---,---,---,---,---,---,---,191127,222813
HS,Housing,---,---,---,---,---,---,---,---,---,---,---,---,---,---,---,---,---,---,---,---,---,---,---,---,---,---,---,---,---,---,---,---,---,---,---,---,---,---,---,---,---,---,---,---,---,---,---,---,---,---,---,---,---,---,---,---,---,---,---,---,---,---,---,---,---,---,---,---,---,---,---,---,2398820,---,---,---,---,---,---,---,---,---,---,---,---,---,---,---,---,---,---,---,2398820,2398820
ORE,Other real estate,27977,68,1754,67,77,6236,26214,419,630,257,3387,776,6,225,69,288,784,585,2895,457,88,1149,1621,61,351,1760,102928,12773,23710,16159,133822,399,195,472,7937,833,337,4567,22227,2020,6474,18321,22859,18079,33301,85224,724,18476,137242,13372,34982,5237,136541,36878,24814,1859,31281,47673,50496,24969,24835,8040,12177,1556,96520,45558,146,5632,1091,27160,3919,1382016,7178,23440,---,---,179433,---,3089,---,---,---,---,---,---,---,---,---,---,---,---,---,213140,1595157
532RL,Rental and leasing services and lessors of intangible assets,3425,134,7067,1137,1716,1213,25159,164,728,564,1633,1309,236,353,1263,830,137,992,2969,106,149,721,427,1518,3396,701,33491,1089,1844,2554,12652,10532,3399,385,14472,1395,183,2007,1280,2312,3018,11553,12691,3503,7016,5154,27,142,2678,6088,3553,2057,20320,20678,8894,1581,1939,4484,5400,447,565,1170,1213,1331,9791,1464,177,114,465,9153,461,292767,130703,---,---,---,---,---,86809,---,---,---,---,---,---,---,---,---,---,---,---,---,217512,510278
5411,Legal services,252,52,1926,422,1782,5429,7169,726,480,780,3268,1045,710,63,895,292,280,1177,907,204,116,889,526,1553,951,1268,14287,510,345,856,4543,201,539,88,767,114,453,1278,298,2690,894,4998,3785,2153,8505,23470,1220,3826,22366,727,2511,4458,30730,10106,11358,525,402,5154,15962,1067,1040,777,4838,447,3079,3985,917,340,610,9592,848,240824,122103,---,---,---,46334,---,18748,-5408,---,---,---,---,---,---,---,---,---,---,---,---,181776,422600
5415,Computer systems design and related services,317,32,6720,200,17,2388,5570,135,238,194,1056,1721,144,67,344,584,129,390,786,83,40,223,344,771,527,381,16606,2303,831,1153,6646,106,1258,4,2192,111,26,667,434,5266,787,7917,15351,5122,9548,4232,569,627,2599,799,5216,6783,22863,22982,17769,363,1938,6035,11517,1162,1540,193,1114,569,2629,4103,19888,21673,311,20380,2552,280135,---,---,45913,266581,---,---,45824,-33478,---,---,87,11112,---,---,---,28292,---,---,5,11883,376220,656354
5412OP,"Miscellaneous professional, scientific, and technical services",1651,474,8844,2303,3665,19558,99069,2627,3162,4044,9458,4985,1512,1364,4278,2130,2353,5171,13999,1352,828,3311,2016,5180,5886,6054,135801,18366,10451,10937,107194,994,2488,1402,12102,1084,6141,6564,2338,16911,17882,73776,78372,39910,51795,39678,3022,2226,124371,12640,13269,29131,226258,68104,74249,3968,5208,34523,51664,7981,8033,3898,5812,8115,45365,27980,37554,17130,1383,62170,18282,1741794,86635,---,28464,631115,5651,---,198028,-123063,---,---,---,69618,---,---,---,100633,---,---,---,23815,1020897,2762691
55,Management of companies and enterprises,---,---,19893,3078,647,---,12823,774,2100,1188,8670,16413,8313,1220,14000,1973,550,3478,25389,1210,1483,2648,912,9826,14216,2609,103732,1304,4001,24112,29827,370,---,724,16855,540,---,7988,762,7693,861,3139,1753,2795,17110,3049,495,15,3540,7725,7983,6166,51169,---,77786,4512,1424,26359,10632,3669,3076,1819,2031,6295,99201,13339,---,---,---,---,---,707265,---,---,---,---,---,---,3042,---,---,---,---,---,---,---,---,---,---,---,---,---,3042,710307
561,Administrative and support services,701,57,1921,689,936,21105,16200,634,1642,2293,7474,1994,456,446,2431,3206,351,1399,4204,455,854,1658,3202,3766,3438,2138,102087,6335,5372,5156,58129,8976,1922,6401,20956,4117,3307,16007,5712,8784,3297,30500,53570,18804,16657,13290,372,17141,156541,17783,12047,27615,95744,13714,102978,4685,4469,30813,63602,9737,5334,3058,2798,5791,25747,17827,16793,3394,2037,51576,8886,1173513,64899,---,---,---,---,---,4370,-3711,---,---,---,---,---,---,---,---,---,---,---,---,65558,1239071
562,Waste management and remediation services,224,9,1773,233,172,1097,4010,83,256,285,337,203,34,53,193,121,79,131,1284,93,17,270,89,750,1532,302,3554,1008,652,372,2823,19,86,44,2031,71,58,903,1112,163,42,343,140,364,141,1983,479,90,17471,507,163,154,2427,849,3342,12788,877,2335,3279,841,955,86,939,1043,3828,2580,467,419,155,21452,4145,111210,32185,---,---,---,---,---,419,-451,---,---,---,---,---,---,---,---,---,---,---,---,32152,143362
61,Educational services,15,3,---,---,---,174,5,---,---,---,---,---,---,---,---,---,---,---,---,---,---,---,35,15,---,1,1744,62,1028,---,6309,163,26,---,---,---,18,52,---,---,---,52,193,30,37,---,---,---,---,---,---,37,64,---,2290,---,5288,1,30,---,---,4471,585,---,---,6998,2539,191,431,23464,20,56368,376180,---,---,---,---,---,6352,-2290,---,---,---,---,---,---,---,---,---,---,---,---,380242,436610
621,Ambulatory health care services,---,---,---,---,---,---,---,---,---,---,---,---,---,---,---,---,---,---,---,---,---,---,---,---,---,---,---,---,---,---,---,---,---,---,---,---,---,---,---,---,---,---,---,---,---,---,---,---,---,---,---,---,163,---,103,---,---,22634,17410,77,---,96,2,---,---,134,---,740,---,8399,---,49759,1206770,---,---,---,---,---,108,---,---,---,---,---,---,---,---,---,---,---,---,---,1206878,1256637
622,Hospitals,---,---,---,---,---,---,---,---,---,---,---,---,---,---,---,---,---,---,---,---,---,---,---,---,---,---,---,---,---,---,---,---,---,---,---,---,---,---,---,---,---,---,---,---,---,---,---,---,---,---,---,---,---,---,---,---,---,---,2632,---,---,---,---,---,---,---,---,---,---,---,---,2632,1249051,---,---,---,---,---,7617,-8549,---,---,---,---,---,---,---,---,---,---,---,---,1248119,1250751
623,Nursing and residential care facilities,---,---,---,---,---,---,---,---,---,---,---,---,---,---,---,---,---,---,---,---,---,---,---,---,---,---,---,---,---,---,---,---,---,---,---,---,---,---,---,---,---,---,---,---,---,---,---,---,---,---,---,---,---,---,---,---,---,---,---,---,---,---,---,---,---,---,---,2839,---,468,---,3307,261205,---,---,---,---,---,---,---,---,---,---,---,---,---,---,---,---,---,---,---,261205,264513
624,Social assistance,---,---,---,---,---,---,---,---,---,---,---,---,---,---,---,---,---,---,---,---,---,---,---,---,---,---,---,---,---,---,---,---,---,---,---,---,---,---,---,---,---,---,---,---,---,---,---,---,---,---,---,---,---,---,---,---,---,---,---,---,---,---,---,---,---,---,---,---,---,9568,---,9568,252111,---,---,---,---,---,---,---,---,---,---,---,---,---,---,---,---,---,---,---,252111,261680
711AS,"Performing arts, spectator sports, museums, and related activities",98,0,1,---,21,184,223,26,49,49,99,72,3,5,42,30,17,53,160,9,5,48,55,104,51,131,3138,1050,779,71,1081,67,201,---,270,13,---,615,62,299,9668,14228,849,895,1204,701,206,0,9010,457,966,753,8786,3305,4263,164,859,1212,1028,254,382,26487,844,169,1878,3539,1073,56,46,1759,40,104263,61313,---,---,6284,---,---,1446,-1481,---,---,---,---,---,---,---,---,---,---,---,---,67561,171824
713,"Amusements, gambling, and recreation industries",31,0,---,1,14,91,193,9,20,13,38,25,2,2,15,11,8,20,48,2,0,13,18,19,20,28,571,6,83,3,705,0,1,---,---,---,---,15,3,66,36,163,313,216,363,118,26,22,924,90,233,280,945,942,1355,56,83,521,25,52,85,107,18,267,509,297,226,5,1,1148,307,11830,192367,---,---,---,---,---,---,---,---,---,---,---,---,---,---,---,---,---,---,---,192367,204197
721,Accommodation,2,---,4,9,76,760,281,52,114,75,211,152,11,15,90,61,49,117,271,16,9,75,143,108,124,184,1303,12,51,27,231,---,10,---,---,---,10,934,108,405,260,1016,1929,1353,2276,715,167,868,5710,726,1129,1696,4772,512,6388,438,334,2134,160,191,289,72,99,148,1157,726,524,414,25,2016,100,44449,161144,---,---,---,---,---,---,---,---,---,---,---,---,---,---,---,---,---,---,---,161144,205592
722,Food services and drinking places,469,32,78,49,278,3162,607,156,295,234,519,413,31,63,244,154,116,287,853,61,32,225,248,477,309,422,7099,1013,1305,1121,6280,15107,7,32,3208,137,125,3929,297,789,777,2033,3864,4368,4976,5725,837,8628,36940,2401,4321,4411,25568,4763,24530,830,1325,23822,16219,9563,2753,584,2129,7295,5535,5127,419,259,706,15287,658,276918,903493,---,---,---,---,---,1755,---,---,---,---,---,---,---,---,---,---,---,---,---,905247,1182166
81,"Other services, except government",394,315,270,127,352,755,11492,431,1036,1188,1902,1023,244,219,1328,313,204,541,2792,220,52,1625,570,1703,3194,1340,40211,2415,4491,2814,16860,343,165,19,12627,1321,415,4702,1807,688,243,4404,6457,4725,4548,10446,788,90,9774,8658,1839,1005,13912,8772,15245,2857,1573,6099,19632,1562,1146,740,1087,1674,18208,9599,2849,511,934,45143,2756,329784,631191,---,---,---,---,---,93,-3751,---,---,---,---,---,---,---,---,---,---,---,---,627533,957317
GFGD,Federal general government (defense),---,---,---,---,---,---,---,---,---,---,---,---,---,---,---,---,---,---,---,---,---,---,---,---,---,---,---,---,---,---,---,---,---,---,---,---,---,---,---,---,---,---,---,---,---,---,---,---,---,---,---,---,---,---,---,---,---,---,---,---,---,---,---,---,---,---,---,---,---,---,---,---,---,---,---,---,---,---,---,---,713008,---,---,---,---,---,---,---,---,---,---,---,713008,713008
GFGN,Federal general government (nondefense),---,---,---,---,---,---,---,---,---,---,---,---,---,---,---,---,---,---,---,---,---,---,---,---,---,---,---,---,---,---,---,---,---,---,---,---,---,---,---,---,---,---,---,---,---,---,---,---,---,---,---,---,---,---,---,---,---,---,---,---,---,---,---,---,---,---,---,---,---,---,---,---,---,---,---,---,---,---,---,---,---,---,---,---,533783,---,---,---,---,---,---,---,533783,533783
GFE,Federal government enterprises,9,2,---,3,---,207,5,---,---,5,23,193,0,92,---,---,---,19,---,1,---,---,39,64,36,---,12634,382,358,237,4439,3,---,1632,10252,121,118,1541,340,416,317,231,1530,1103,13343,117,---,1,315,515,321,150,2318,127,1213,112,178,635,1471,191,306,77,59,576,2909,1086,---,140,1,1225,121,63857,5709,---,---,---,---,---,874,-273,---,---,---,---,---,---,---,---,---,---,---,---,6310,70166
GSLG,State and local general government,---,---,---,---,---,---,---,---,---,---,---,---,---,---,---,---,---,---,---,---,---,---,---,---,---,---,---,---,---,---,---,---,---,---,---,---,---,---,---,---,---,---,---,---,---,---,---,---,---,---,---,---,---,---,---,---,---,---,---,---,---,---,---,---,---,---,---,---,---,---,---,---,---,---,---,---,---,---,---,---,---,---,---,---,---,---,---,---,2106940,---,---,---,2106940,2106940
GSLE,State and local government enterprises,---,3,---,---,---,4453,---,27,108,129,127,80,17,26,84,28,22,49,585,45,11,119,31,328,779,108,1204,267,315,157,1202,1,---,---,434,7,20,268,536,93,43,187,96,207,175,97,---,---,942,988,613,179,2242,407,2211,143,99,655,1052,282,3175,40,246,482,1812,998,440,535,101,6357,962,37430,77737,---,---,---,---,---,---,---,---,---,---,---,---,---,---,---,---,---,---,---,77737,115166
Used,"Scrap, used and secondhand goods",-83,58,---,-11,1131,5643,2960,---,78,16666,222,3,---,---,---,---,---,0,---,24,---,2598,---,---,44,46,---,11,---,---,382,-3499,---,-112,-1160,1,76,1773,---,---,0,1,---,---,---,---,---,---,---,-44,---,---,---,425,---,---,504,1,---,---,---,-124,379,---,---,4399,-33,---,---,---,---,32360,160051,-3285,-190369,---,-1043,-13825,27788,-25716,---,-4,69,---,---,-576,11554,---,---,4907,7038,---,-23411,8949
Other,Noncomparable imports and rest-of-the-world adjustment [1],689,61,1131,14,283,1059,1660,146,192,470,590,1007,3679,281,1484,646,125,304,1466,110,35,383,211,3585,1716,425,5267,40,429,663,3342,16419,167,2117,1179,10,18,388,72,523,241,7064,974,1492,44191,986,72,1772,2482,951,158,728,2495,1047,1327,43,522,---,---,208,---,224,278,993,1863,388,6365,4360,827,---,---,134438,-6631,---,---,16684,---,---,77670,-217934,---,---,---,---,---,---,---,---,---,---,---,---,-130211,4226
,Total Intermediate,301985,18821,210224,47582,36199,265412,1024177,88308,75699,185246,230914,237547,52435,75696,567596,131068,48043,83223,742077,34351,16314,129923,44702,478374,389613,160905,964006,91347,103978,110147,637906,103819,41470,31660,284268,27093,17931,174457,85891,96216,79078,443706,297415,182978,388985,764214,185548,293610,1006515,150239,119542,125243,920351,283538,567922,61633,103914,370667,473268,96100,103354,61177,56809,70305,554370,307081,266111,213466,23672,852343,219909,18089683,,,,,,,,,,,,,,,,,,,,,,
V001,Compensation of employees,31721,30555,7588,9972,34695,90518,691463,27988,32421,33530,105051,94253,132178,37862,73112,70097,23199,50912,137637,12224,7247,32200,24751,19468,66418,53792,521050,90328,110926,107405,337895,56320,19402,6381,112273,24622,9061,129366,98797,195043,39509,104259,64307,343722,314894,313976,6724,10122,123820,51518,157581,478623,1084439,372466,505575,37168,207553,674796,456577,153804,149467,54563,87746,50327,341975,490994,278182,198245,63039,1464602,118844,12549140,---,---,---,---,---,---,---,---,---,---,---,---,---,---,---,---,---,---,---,---,---,---
V002,"Taxes on production and imports, less subsidies",-14489,1081,37717,5224,-99,70349,-21600,-89,950,2042,-2464,679,7936,208,2841,2192,-876,-731,23750,216,-593,1690,-1178,4046,17929,940,295564,50747,27031,47043,140871,-792,-2707,600,1171,-1242,4183,1161,830,5898,1994,41816,6500,21451,6258,36991,600,283922,19450,25505,18115,3756,-1022,10322,2511,3648,5314,-23638,11147,3962,-7647,-5996,15451,15569,7345,17270,---,---,-9083,---,-38086,1181454,---,---,---,---,---,---,---,---,---,---,---,---,---,---,---,---,---,---,---,---,---,---
V003,Gross operating surplus,148100,11113,168664,25076,21792,210734,357115,32204,34325,39880,51443,61735,137429,24149,72330,66865,7459,35981,156836,4372,1125,26539,16042,101272,288765,26000,621569,49859,19140,7992,233272,26237,23347,5124,71667,19580,36095,43752,4007,149714,42757,311628,226121,523903,77367,276502,29941,1802387,415852,209888,127455,32832,397636,43980,173682,23950,6628,194004,75118,8496,16087,59855,55,68501,277201,139134,168715,126377,11613,200106,78014,9584486,---,---,---,---,---,---,---,---,---,---,---,---,---,---,---,---,---,---,---,---,---,---
,Total Value Added,165332,42749,213969,40272,56388,371602,1026979,60103,67696,75452,154030,156668,277544,62219,148283,139154,29782,86162,318223,16813,7780,60429,39614,124785,373112,80732,1438183,190933,157097,162441,712038,81766,40042,12105,185110,42960,49338,174279,103634,350655,84260,457703,296928,889077,398520,627469,37264,2096432,559122,286912,303152,515211,1481053,426768,681768,64766,219495,845161,542843,166262,157907,108422,103252,134397,626521,647399,446897,324622,65569,1664708,158772,---,---,---,---,---,---,---,---,---,---,---,---,---,---,---,---,---,---,---,---,---,23315081,---
,Total Industry Output,467317,61570,424194,87854,92587,637014,2051156,148411,143395,260697,384944,394215,329979,137915,715879,270222,77825,169385,1060300,51164,24093,190352,84316,603159,762725,241637,2402189,282280,261075,272588,1349944,185584,81513,43765,469378,70053,67269,348736,189525,446871,163338,901409,594343,1072055,787505,1391682,222813,2390041,1565637,437150,422694,640453,2401404,710307,1249690,126399,323409,1215828,1016111,262361,261261,169598,160061,204702,1180891,954480,713008,538088,89241,2517051,378680,---,15902575,598223,1194044,1232744,1107582,-19091,2179415,-3041128,713008,11089,95451,84473,533783,13216,24944,133191,2106940,347215,48729,48680,,41404764

Legend/Footnotes
1. Consists of noncomparable imports in the intermediate section of the use table and noncomparable imports and the rest-of-the-world adjustment in the final use section of the use table.
Note. Selected data with zero values are not shown.
Note. Detail may not add to total due to rounding.
